code,stock,concept,cause,thing,url,explain,title,dt
sz002232,启明信息,公告,年报增长（10派0.5元）+元宇宙+国资云+汽车EDR,,5l5yhzjtfm,"1、23年3月31日晚公告，公司2022年营收15.41亿元，同比增长46.61%；净利润7316.06万元，同比增长81.07%；公司拟每10股派发红利0.5元(含税)。,2、启明元宇宙技术探索平台，主要利用扩展现实技术和数字孪生技术手段，打造与现实世界相互映射的元宇宙技术平台。其中扩展现实技术主要包括AR、VR等技术。,3、启明云基础平台是依托启明数据中心基础硬件环境，具备完整云计算能力，面向政府、事业单位提供可扩展的弹性的云计算服务。,4、公司有成熟的EDR相关数据存储类产品。现有启明汽车行驶记录仪实现数据交换的数字式电子记录装置。公司与华为战略合作，合作探索车路协同联合解决方案，共建车联网平台。,5、 公司是国内汽车业IT行业龙头企业，深度介入一汽汽车旗下众多产业链（控股股东中国一汽），为其提供车载信息系统及配套产品和服务，全力支撑红旗品牌复兴战略。",04月04日启明信息股票异动解析,2023-04-04
sh603039,泛微网络,数字经济/人工智能,摘帽+国内OA行业龙头+腾讯+车辆租赁数据,国家发展改革委创新和高技术发展司负责人孙伟在国新办发布会上表示，适度超前部署数字基础设施建设。加快光纤网络扩容提速，5G的商用部署和规模应用，深入实施“东数西算”工程，加快基础设施数字化、智能化的改造。,5l5yhzlstj,"1、23年4月2日晚公告，公司申请撤销风险警示获交易所批准，证券简称变更为泛微网络。,2、协同办公是微软运用GPT技术最明确的变现场景；公司是国内OA行业龙头，办公场景入口优势明显，已拥有小e智能门户功能，未来接入GPT想象空间大。,3、公司与腾讯云、企业微信、腾讯支付、腾讯会议全面合作，腾讯持股4.89%，深度融入腾讯生态。,4、公司通过低代码为汽车租赁企业构建了“一站式、一体化”的数字化运营平台，确保正确及时派车，让车辆租赁管理更方便、清晰，让车辆租赁数据实时汇总、智能分析，挖掘价值。",04月04日泛微网络股票异动解析,2023-04-04
sh603000,人民网,数字经济/人工智能,数据确权+人工智能+互联网医疗+数据要素,国家发展改革委创新和高技术发展司负责人孙伟在国新办发布会上表示，适度超前部署数字基础设施建设。加快光纤网络扩容提速，5G的商用部署和规模应用，深入实施“东数西算”工程，加快基础设施数字化、智能化的改造。,3y61e441sq,"1、23年4月3日消息，西部数据系统受到骇客恶意攻击，并影响部分营业运作；此外盘后，国家市场监管总局、中央网信办、工业和信息化部、公安部近日联合印发《关于开展网络安全服务认证工作的实施意见》。公司打造人民网人工智能技术引擎，参股了人民中科（山东）智能技术，将中国科学院自动化研究所的人工智能技术与人民网的内容风控能力紧密结合。,2、人民网旗下人民数据管理，在2019年9月推出我国首个数据确权平台——人民数据资产服务平台。人民数据亮点：1）官网明确了确权服务流程；2）最近正在招聘数据确权相关人才；3）2021年6月，人民数据和世纪互联合作，推出了中国首个个人信息保护与确权服务平台——人民数保。,3、公司拥有人民好医生网络平台，开展互联网医疗工作。人民网智作平台由公司子公司人民网科技公司负责运营。灵境·人民艺术馆由人民网打造，该网上展馆将为艺术从业人员和爱好者提供数字化平台，为艺术品数字版权保护、数字出版、数字转化、区块链（人民链）认证等提供服务。,4、人民网是由人民日报社控股的上市公司。主要业务包括：广告及宣传服务业务：依托人民网官网、“人民网+”客户端以及环球网、海外网等子公司网络运营平台、活动及赛事服务平台，在网站、客户端、互动社区等页面、栏目上，通过文字链、图片、多媒体等表现形式为客户提供多维度的广告及宣传服务。",04月04日人民网股票异动解析,2023-04-04
sz002649,博彦科技,数字经济/人工智能,数据标注+360\u002F百度微软合作+金融服务,国家发展改革委创新和高技术发展司负责人孙伟在国新办发布会上表示，适度超前部署数字基础设施建设。加快光纤网络扩容提速，5G的商用部署和规模应用，深入实施“东数西算”工程，加快基础设施数字化、智能化的改造。,5l5yhzn16r,"1、23年4月3日网络纪要显示，公司为各互联网巨头提供语料、标注、训练等服务；随着人工智能的发展，数据标注业务有望快速放量。360数据处理主要依赖外部团队，与公司合作，主要包括数据采买和标注。,2、23年2月28日，博彦科技宣布接入百度文心一言，打造金融行业人工智能全系产品及服务。23年3月博彦科技与南大通用签署战略合作。,3、微软与OpenAI合作伙伴，公司与微软时间长，曾招聘bing后端开发与数据处理程序员；公司21年互动回复称已形成包括chatbot智能聊天机器人、智慧运维等方面的解决方案。,4、公司基于AI+BI融合、云智一体模式持续完善“智能金融决策大脑”底座，并形成企业级全资产智能审批平台、全资产一体化智能风险管理平台以及监管合规系列产品等三大系列智能金融风控产品矩阵。,5、公司是国内领先的综合IT服务提供商，主要业务涵盖产品及解决方案、研发工程服务和IT运营维护。公司主要客户包括大中型金融机构、互联网龙头公司及跨国高科技巨头公司等。",04月04日博彦科技股票异动解析,2023-04-04
sz300188,美亚柏科,数字经济/人工智能,视频图像鉴真+网络安全+电子数据取证,国家发展改革委创新和高技术发展司负责人孙伟在国新办发布会上表示，适度超前部署数字基础设施建设。加快光纤网络扩容提速，5G的商用部署和规模应用，深入实施“东数西算”工程，加快基础设施数字化、智能化的改造。,785vmv4y37,"1、23年3月31日，意大利个人数据保护局宣布，从即日起禁止使用CHATGPT。公司“慧眼”视频图像鉴真工作站已经发布，涵盖40余种视频图像真伪鉴定算法，为鉴定人员提供一站式视频图像检验鉴定服务，利用深度伪造技术进行换脸、美颜或异图复制篡改的影像具有十余种理想的鉴定效果。,2、公司乾坤大数据操作系统（QKOS）。以“九天揽月”的产品体系，支撑各行业大数据基础能力、领域中台、业务应用的快速构建。22年9月9日，美图公司与美亚柏科在厦门签署战略合作协议，共同推进网络及数据安全体系建设。,3、猎鹰浏览器是公司自主研发、服务特定客户的国产化浏览器。目前该产品的主要客户为司法机关和行政执法单位。,4、美亚柏科是国内电子数据取证行业龙头企业、公共安全大数据领先企业、网络空间安全与社会治理领域国家队。公司是国投智能的控股子公司，国投集团的重要投资企业，国务院国资委为公司实际控制人。",04月04日美亚柏科股票异动解析,2023-04-04
sh688023,安恒信息,数字经济/人工智能,AI安全+网络信息安全+大数据交易中心,国家发展改革委创新和高技术发展司负责人孙伟在国新办发布会上表示，适度超前部署数字基础设施建设。加快光纤网络扩容提速，5G的商用部署和规模应用，深入实施“东数西算”工程，加快基础设施数字化、智能化的改造。,2a64a8ljsh,"1、数据安全是数据要素市场化顺利开展的保障。公司在与央企合作伙伴的共同开拓下，参与了“一带一路”建设，为“一带一路”沿线国家输出多款公共安全产品和系统。公司有望在AI+安全的细分应用领域率先获益，叠加“一带一路”市场拓展，未来有望业绩高增。,2、23年2月讯，公司与崇左市大数据发展局达成战略合作，助力“数字崇左”建设。,3、公司主营业务为网络信息安全产品的研发、生产及销售，并为客户提供专业的网络信息安全服务。产品及服务涉及应用安全、云安全、大数据安全等领域。公司参股浙江大数据交易中心27%股权。,4、公司自2015年开始与阿里云合作，成为阿里云安全市场首批安全供应商，云安全产品已经上线包括阿里云、腾讯云、华为云等在内的十余家国内主流公有云平台。杭州阿里创投为公司第二大股东。",04月04日安恒信息股票异动解析,2023-04-04
sh688244,永信至诚,数字经济/人工智能,数据安全+股权激励+教育+次新股,国家发展改革委创新和高技术发展司负责人孙伟在国新办发布会上表示，适度超前部署数字基础设施建设。加快光纤网络扩容提速，5G的商用部署和规模应用，深入实施“东数西算”工程，加快基础设施数字化、智能化的改造。,2a64a8lnsj,"1、23年3月29日公司举办数据安全“数字风洞”产品发布会，正式推出面向数据安全领域的测试评估产品，在“形式合规”转向“实质合规”的行业背景下，开启安全风险测试评估由“证有”走向“证无”的崭新时代。,2、23年2月调研纪要显示，公司自主研发了国内首个人工智能网络安全攻防平台RHG，是人工智能在网络安全攻防领域具有创新性的、技术领先的竞赛平台；旗下I春秋以“培育信息时代的安全感”为使命。,3、23年4月1日公司发布股权激励计划草案，以22年营收为基数，23年-25年的业绩考核目标为营收分别不低于4.8亿元、5.8亿元、7.0亿元，2023年营收同比22年增长不低于45%。,4、公司是一家聚焦科技创新的网络安全企业，核心业务为网络靶场系列产品，后者是数字化建设过程中安全性测试的重要基础设施。,5、公司研发了网络空间平行仿真及攻防对抗类技术，并推出网络靶场系列产品、安全管控与蜜罐产品、安全工具类产品等。",04月04日永信至诚股票异动解析,2023-04-04
sh688521,芯原股份,数字经济/人工智能,半导体IP授权服务+Chiplet+微软AI,国家发展改革委创新和高技术发展司负责人孙伟在国新办发布会上表示，适度超前部署数字基础设施建设。加快光纤网络扩容提速，5G的商用部署和规模应用，深入实施“东数西算”工程，加快基础设施数字化、智能化的改造。,du5j3b5txs,"1、23年4月3日网传董事长演讲内容称，公司半导体IP授权业务收入全球第七，中国第一；半导体IP销售收入业务全球第六，IP数量种类全球第二。,2、公司已与全球领先的晶圆厂展开展 5nm Chiplet项目的合作，基于Arm的CPU IP Chiplet已进入芯片设计阶段，而NPU IP Chiplet已进入芯片设计及实现阶段。,3、23年3月22日讯，微软公司创始人比尔·盖茨在其博客文章《人工智能时代已经开启》，23年3月15日公司宣布与微软就Windows10IoT企业版操作系统开展合作，合作内容涵盖硬件加速器，以及对功能强大的嵌入式平台的长期支持。,4、公司最新一代的NPU IP支持最大32位浮点精度数据处理，多卷积运算核扩展后的可实现最高500TOPs的性能。ChatGPT可以利用NPU芯片推理加速。,5、公司拥有从先进的7nmFinFET到传统的250nmCMOS工艺节点芯片的设计能力，包括14nm\u002F10nm\u002F7nmFinFET和28nm\u002F22nmFD-SOI等先进工艺节点的芯片设计能力，并已开始进行5nmFinFET芯片的设计研发和新一代FD-SOI工艺节点芯片的设计预研。",04月04日芯原股份股票异动解析,2023-04-04
sz002777,久远银海,数字经济/人工智能,医保数据+AI医疗+政务信息化+民生信息化,国家发展改革委创新和高技术发展司负责人孙伟在国新办发布会上表示，适度超前部署数字基础设施建设。加快光纤网络扩容提速，5G的商用部署和规模应用，深入实施“东数西算”工程，加快基础设施数字化、智能化的改造。,fg5f76pj9s,"1、公司共承建了全国统一平台核心业务模块和22个医保省平台建设，公司可为下游需求公司提供服务，同时也可以获得相关数据授权，将数据加工处理后交付数据买方。后续统一的医保数据、社保数据、养老数据，也有望跟银行保险合作，持续收益于数据开放。,2、公司已在ICD编码智能推荐，智能导诊，医保零星报销单据智能录入，RPA流程机器人，档案图像增强，通用人脸识别及OCR工具等应用场景有落地应用。,3、公司参与了国家数字经济试点重大工程“健康医疗大数据应用创新工程”项目。已在机器视觉、自然语言等领域具备底层技术研发能力，在人脸识别等方面完成了AI技术研发和应用。,4、公司云业务包括政务云业务以及为部分云建设商提供运维服务，云计算及大数据一体化的建设和服务是公司重要业务之一。公司与浪潮合作建设与运营的成都市政务云已服务全市30多家政府部门，服务中也包含涉及算力的业务。",04月04日久远银海股票异动解析,2023-04-04
sh600996,贵广网络,数字经济/人工智能,东数西算+电视广播+贵州省酿酒业+文化传媒,国家发展改革委创新和高技术发展司负责人孙伟在国新办发布会上表示，适度超前部署数字基础设施建设。加快光纤网络扩容提速，5G的商用部署和规模应用，深入实施“东数西算”工程，加快基础设施数字化、智能化的改造。,2a64a8lc63,"1、23年4月3日讯，贵州发布《关于印发面向全国的算力保障基地建设规划的通知》，三年内算力提高超11倍，打造我国“东数西算”南线主干道。公司参股东数西算（贵州）产业30%股份，22年规划优先打通贵阳连接珠三角、长三角的直连链路。参股智广海联大数据技术有限公司20%股份；贵州是全国第一个（目前唯一的）智慧广电综合试验区，超高清视频、5G及人工智能等新技术也将在贵州先行先试。,2、公司主要从事广播电视网络的建设运营，主要业务包括广播电视节目收视服务、数字电视增值业务的开发与经营、数据业务、有线电视相关工程及安装、节目传输、终端销售等。,3、据企查查数据显示，23年12月22日，习酒完成市场主体类型及名称变更。公司控股股东贵州广播参股贵州省酿酒集团20%股份；公司董事会秘书曾任职于贵州茅台酒厂习酒公司。茅台集团是贵广网络第二大股东。,4、公司大力发展数字电视、高清互动、个人宽带等三网融合业务，元宇宙概念尚处于发展初期，公司深圳研发中心正积极进行新产品研发储备。贵州已率先实现全省700Mhz广电5G乡乡通，公司已为新老用户提供“192”号码预登记。",04月04日贵广网络股票异动解析,2023-04-04
sz002919,名臣健康,数字经济/人工智能,游戏+镇魂街IP手游+元宇宙+日化,国家发展改革委创新和高技术发展司负责人孙伟在国新办发布会上表示，适度超前部署数字基础设施建设。加快光纤网络扩容提速，5G的商用部署和规模应用，深入实施“东数西算”工程，加快基础设施数字化、智能化的改造。,aj5pvl5dej,"1、23年3月17日互动易回复，公司目前在研究ChatGPT在游戏研发上的应用。,2、根据企查查信息显示，心源互动的全资子公司喀什奥术，目前大股东已经变更为名臣健康，由喀什奥术研发，在12月22日上线的国漫镇魂街IP手游《镇魂街：天生为王》，其中喀什奥术所享受的7%-18%的流水分成直接归于名臣健康，目前《镇魂街：天生为王》首周流水已经破亿。,3、公司进入游戏行业陆续吸纳引入了在XR行业内知名企业中具有丰富从业经验的人员。通过资源整合，积累了为元宇宙XR全产业链上500多家核心硬件、内容、应用企业及其从业者的服务经验。,4、日化业务，公司是一家研发、生产、销售健康护理用品的高新技术企业，主要产品包括洗发水、护发素、沐浴露、啫喱水及护肤品等。游戏业务，公司从事网络游戏创意策划、研发制作和商业化运营。2021 年第四季度开始试水游戏发行业务。",04月04日名臣健康股票异动解析,2023-04-04
sh600667,太极实业,半导体,芯片\u002FDRAM封测+DDR5+光伏+BIPV,3月31日盘中讯，日本宣布将从7月开始对23种芯片制造设备的出口加以限制。,fg5f76mdh7,"1、公司旗下的海太半导体（持有55%股权）与SK海力士合资，专为SK海力士提供DRAM封装测试业务，后者是世界前三大DRAM制造商之一。从技术路线来看DRAM主要细分以DDR4技术为主，而新一代DDR5性能更优有望替代DDR4。据公司22年半年报海太半导体正在投资实施DDR5升级改造工程。,2、公司拥有光伏产业相关建设资质，并拥有丰富的建设经验，是国内众多光伏制造及光伏发电客户的优秀服务商之一。,3、公司工程技术业务主要服务于电子高科技与高端制造，生物医药与保健，市政与路桥，物流与民用建筑，电力，综合业务等6大业务领域；光伏电站的投资和运营业务于2014年开始逐步形成。,4、子公司十一科技具备提供可实施BIPV光伏建筑一体化方案的能力。23年3月30日公告，子公司十一科技收中标通知书，确认为滨州沾化2GW渔光互补发电项目(EPC二标段)的中标单位，中标价34.72亿元。",04月04日太极实业股票异动解析,2023-04-04
sh688498,源杰科技,半导体,光芯片+光通信上游+5G+次新股,3月31日盘中讯，日本宣布将从7月开始对23种芯片制造设备的出口加以限制。,5l5yhzk83t,"1、23年4月4日券商研报称，算力通胀下拉动光通信需求，产业链最上游的光芯片显著受益。公司作为国内稀缺的光芯片供应商，采用IDM全流程体系生产。目前公司100G芯片可用于400G\u002F800G等光模块，将在今年送样测试；CW大功率激光器可用于CPO领域，有望持续受益算力需求的扩张。,2、公司是国内领先的光芯片供应商，产品主要应用于光纤接入、4G\u002F5G移动通信网络和数据中心等领域。主要产品2.5G激光器芯片系列占比43%，10G激光器芯片系列占比46%，25G激光器芯片系列占比11%。,3、公司已建立了包含芯片设计、晶圆制造、芯片加工和测试的IDM全流程业务体系，已实现向客户A1、海信宽带、中际旭创、铭普光磁等国际前十大及国内主流光模块厂商批量供货，产品用于客户A、中兴通讯、诺基亚等国内外大型通讯设备商，并最终应用于中国移动、中国联通、中国电信、AT&T等国内外知名运营商网络中。,4、在车载激光雷达领域，公司的主要产品涵盖1550波段车载激光雷达激光器芯片等产品。,（详细解析请查阅，22年12月21日异动解析）",04月04日源杰科技股票异动解析,2023-04-04
sh688699,明微电子,半导体,芯片封测+LED驱动芯片,3月31日盘中讯，日本宣布将从7月开始对23种芯片制造设备的出口加以限制。,fg5f76m0k8,"1、公司是一家主要从事集成电路研发设计、封装测试和销售的高新技术企业。产品主要包括LED显示驱动芯片、LED照明驱动芯片等领域。已积累利亚德、洲明、欧普照明等众多优质客户，同时大力布局封测业务，发挥产业链整合优势。,2、公司MiniLED驱动芯片已量产，智能调光调色的照明驱动产品也开始批量生产。,3、公司2021年度Mini LED显示驱动芯片实现销售收入2.43亿元，占总营业收入比重19.41%。公司Mini LED驱动芯片应用于直显领域，预计2022年推出第一代Mini背光智能设备，开拓新的利润增长点。公司已有部分产品可以使用在Micro LED上。",04月04日明微电子股票异动解析,2023-04-04
sz002222,福晶科技,半导体,光刻光源+光通讯+激光雷达,3月31日盘中讯，日本宣布将从7月开始对23种芯片制造设备的出口加以限制。,5l5yhzktdk,"1、光刻机需要用到大量高性能要求光学元件，公司具备精密光学元件供应能力，且积极扩产应对医疗、激光雷达、AR\u002FVR、光刻机等高成长应用带来的需求；其中约10-20%收入来自光通信，主要客户Lumentum。,2、公司曾通过欧洲代理向ASML提供极其少量光学元件，控股61%子公司福建福创光电科技有限公司开展衍射光学元件研究、生产，衍射光学元件是光刻机中一系列可动的镜片，主要用于产生光刻所需要的光源。,3、公司是业内少数能够为激光客户提供晶体、光学、器件产品一站式综合服务的供应商。公司未直接生产光模块产品，部分精密光学元件产品应用于光通讯领域，相关产品已成功推向Lumentum等光器件厂商。,4、公司在激光雷达，半导体设备领域配合国内头部厂商进行光学元件的开发。公司LBO、BBO全球市占率约80%，是国内少数能够为激光客户提供“ 晶体+光学元件+激光器件”一站式综合服务的供应商。",04月04日福晶科技股票异动解析,2023-04-04
sh688368,晶丰明源,半导体,英伟达合作+电源管理芯片+消费电子,3月31日盘中讯，日本宣布将从7月开始对23种芯片制造设备的出口加以限制。,aj5pvl3bjw,"1、23年4月3日，券商研报称公司和英伟达合作的多项电源控制器预计下半年正式产生收入。,2、公司LED业务逐渐触底反弹，前期由于需求不佳所压制的ACDC业务也有望于23年发力，且国内进展最为领先的大电流DCDC打开长期想象空间。持股公司凌欧创芯：22年预计收入1.3亿左右，毛利率在58%左右，净利润在4000万左右，且预计车规级MCU出货量可达百万颗。,3、公司推出具有IGBT结构的复合功率管20W快充产品目前已进入市场，磁耦+ACOT65WGAN快充产品已完成研发并进入客户导入阶段；VCC电容系列产品已进入批量生产阶段。,4、公司正式推出首款国产10相数字控制电源管理芯片BPD93010，已正式进入市场且首家客户正式量产。,5、公司是国内领先的电源管理驱动类芯片设计企业之一，主营业务为模拟半导体电源管理类芯片的设计、研发与销售。公司现有产品包括LED照明驱动芯片、电机驱动芯片、AC\u002FDC电源芯片、DC\u002FDC电源芯片等。",04月04日晶丰明源股票异动解析,2023-04-04
sh603083,剑桥科技,光模块,供货微软+光模块+CPO+5G,CPO技术有望大量应用在高性能计算和AI领域,5l5yhznas9,"1、23年3月24日盘后公告，公司表示已直接或通过通信设备制造商间接向微软供应高速光模块产品。公司23年3月30日表示今年可能最大的营收是宽带接入，在高速光模块800G可能会有一席之地，无线刚转型，在转Wi-Fi7可能会稍微缓一缓，但下半年也会增长。,2、公司在四十八届OFC现场展示最新的800G光模块和1.6T相关技术，助力客户实现51.2T级交换。公司在光模块技术、自主光器件和在板激光器技术(BOB)等具有较强的集成和产业链整合能力，22年公司集中研发资源支持重点项目如新一代100G 单波产品系列等。,3、公司的高速光模块产品面向电信运营商和数据中心运营商",04月04日剑桥科技股票异动解析,2023-04-04
sz300303,聚飞光电,光模块,光模块+LED封装+半导体封装,CPO技术有望大量应用在高性能计算和AI领域,aj5pvl68gf,"1、23年4月3日盘后互动，公司自身有光模块封装业务。参股3.9%的子公司熹联光芯的硅光芯片可以用于CPO。熹联德国子公司自研产品有1.6T CPO。,2、公司专业从事SMD LED产品的研发、生产与销售，主营业务属于LED封装。,3、公司向半导体封装（分立器件封装）、膜材产业拓展，如功率器件、光器件、光学膜材等。,4、公司的车用LED业务发展良好。公司的Mini LED产品获得车企及电子终端客户的广泛认可。",04月04日聚飞光电股票异动解析,2023-04-04
sz000988,华工科技,光模块,光模块+微软+汽车电子,CPO技术有望大量应用在高性能计算和AI领域,8w5srqp2g7,"1、公司在机构调研时表示，预计今年在北美的销售收入有望达到1.5亿美元规模，其中大概约8成是用于AI的光模块，出货产品从100G到800G全覆盖，并确定了1.6T产品研发计划。预计今年能够达到20亿至25亿美元，后续可能逐步增长到每年50亿美元。北美市场公司800G 的产品预计能达到第二第三的份额，在相干光模块领域，会争取第一市场份额。,2、在头部客户方面，公司跟英伟达、微软、ARISTA、Intel等也进行了良好对接，预计今年内在北美大客户方面能够获取一定份额。,3、公司全球第一个推出了400GZR+PRO产品，已经得到了十几家客户的关注，开始送样并收获小批量订单。,4、公司业务包含了通信、激光、传感和防伪四大业务，通信业务华工正源光器件是华为、中兴的核心供应商。,5、华工科技汽车传感器业务主要涵盖 NTC 温度传感器（全球市场份额70%）和 PTC 加热器（国内市场份额60%）两大品类。",04月04日华工科技股票异动解析,2023-04-04
sh600787,中储股份,一带一路,一带一路+供应链物流+国资,4月3日上午，国内开行的首趟陆海新通道中缅跨境铁公联运班列中心从重庆发出，通过瑞丽市畹町口岸出口至缅甸,2a64a8np33,"1、子公司英国HB在一带一路沿线中部分国家有设立仓储中心和中转点。,2、公司主要提供商品存储、运输等服务，运输网络覆盖全国20多个省、自治区和直辖市。子公司中储智运利用移动互联网、云计算、大数据、人工智能等技术，搭建了中储智运物流运力交易共享平台，帮助物流需求方、供给方及其他企业进行物流运力自由交易。,3、公司已发展成为实体网络覆盖全国主要城市和全球主要经济区域",04月04日中储股份股票异动解析,2023-04-04
sh603153,上海建科,一带一路,一带一路+工程监理+上海国资+次新股,4月3日上午，国内开行的首趟陆海新通道中缅跨境铁公联运班列中心从重庆发出，通过瑞丽市畹町口岸出口至缅甸,2a64a8nyp4,"1、公司下属建科工程曾建以色列海发新港，这是国家一带一路在东地中海地区落地生根浓墨重彩的一笔。,2、公司主营业务是工程监理服务及全过程工程咨询服务，实控人为上海市国资委。,3、根统计，2021年全国工程监理业务收入总额为1720.3亿元，公司工程监理业务产值规模多年位列全国第一。,4、公司曾承接国家会展中心、浦东国际机场、北京环球影城等众多重大建设项目，具有丰富的项目经验。,5、2023年1-3月预计实现营业收入7.1亿元至7.9亿元，同比增长7.15%~19.22%；归母净利润1100万元至1700万元，同比扭亏。",04月04日上海建科股票异动解析,2023-04-04
sh601390,中国中铁,一带一路,一带一路+基建+铁路电气化+国资,4月3日上午，国内开行的首趟陆海新通道中缅跨境铁公联运班列中心从重庆发出，通过瑞丽市畹町口岸出口至缅甸,8w5srqq7qq,"1、公司实控人为国资委，主营基建建设、勘察设计与咨询服务、工程设备和零部件制造、房地产开发等，是全球最大的多功能综合型建设集团之一，已在境外逾55个国家和地区承建超230个海外项目，公司参建多个“一带一路”项目。,2、铁路电气化技术方面，公司电气化技术实力代表着当前中国电气化最高水平，参建并已投入运行的京沪、京广等高铁均达到世界一流水平。,3、22年11月23日公告，公司共中标15个重大工程，中标价合计约865.25亿元，约占本公司中国会计准则下2021年营业收入的8.08%。,4、23年3月31日公告，公司22年净利润312.76亿元，同比去年增长13.25%。",04月04日中国中铁股票异动解析,2023-04-04
sh600125,铁龙物流,一带一路,一带一路+铁路特种集装箱+冷链物流,4月3日上午，国内开行的首趟陆海新通道中缅跨境铁公联运班列中心从重庆发出，通过瑞丽市畹町口岸出口至缅甸,5l5yhzpcq0,"1、公司淄博—哈萨克斯坦冷藏箱中欧班列成功开行，赣州—莫斯科、齐齐哈尔—莫斯科的班列也在积极筹划中；参股企业上海铁洋从事俄罗斯物流运输业务。,2、公司是是一家以铁路特种集装箱运输为主体",04月04日铁龙物流股票异动解析,2023-04-04
sh688525,佰维存储,存储芯片,半导体存储器+DDR5+信创+次新股,3月31日，我方对美光公司在华销售产品启动网络安全审查。目前，美光在全球DRAM/NAND Flash市场分别占据25%和12%的份额，在车用存储市场占比超40%份额。,c65lzfm6nn,"1、公司主从事半导体存储器的存储介质应用研发、封装测试、生产和销售，存储产品占收入比重达99%；已推出高性能内存芯片和内存模组。23年2月27日国家大基金二期入股长江存储，长江储存增资至1052.7亿元，增幅超87%。,2、公司已正式发布DDR5内存模组，满足PC及服务器对极致性能的追求，并支持数据纠错机制、写入数据均衡、智能电源管理、数据循环冗余校验等功能。,3、公司是国内半导体存储厂商中通过SoC芯片及系统平台认证最多的企业之一，自建了封测厂以满足自身的NAND与DRAM存储芯片及模组的封测制造需求。,4、公司为信创固态硬盘的主力供应商，有适用于信创应用场景的固态硬盘、内存模组等，可满足信创领域安全可控的产品应用需求。,5、公司针对智能汽车前装市场已推出车载eMMC、UFS、LPDDR以及BGA SSD等嵌入式存储芯片，目前处于客户验证和导入阶段。",04月04日佰维存储股票异动解析,2023-04-04
sz300458,全志科技,存储芯片,RISC- V+MCU芯片+消费电子,3月31日，我方对美光公司在华销售产品启动网络安全审查。目前，美光在全球DRAM/NAND Flash市场分别占据25%和12%的份额，在车用存储市场占比超40%份额。,3y61e42z3t,"1、23年4月3日互动易回复，存储芯片主要是根据客户需求，与公司主控Soc产品共同搭配使用在下游领域广泛应用中。,2、21年公司基于RISC- V架构内核开发的D1芯片已经实现量产。20年公告与阿里平头哥合作研发芯片，双方会持续在RISC-V架构生态上进行合作并持续推出新产品。,3、22年公司为智能车载应用领域客户提供车规级主控SOC及套片产品包。,4、公司专注于芯片设计主业；公司针对VR一体机应用推出芯片产品。已经量产XR系列MCU+WiFi产品；公司V系列产品线广泛支持各类AI视觉应用。公司是 Arm 架构的 SoC 芯片设计龙头，20 年推出 R329 智能语音芯片；公司在智能音箱领域与阿里等合作。",04月04日全志科技股票异动解析,2023-04-04
sz001366,播恩集团,生猪,猪饲料+次新股,近期新希望计提大量损失，可见目前猪瘟影响超出市场预期。,fg5f76qlw7,"1、非洲猪瘟超预期，目前猪病边际加重，部分地区严重程度超去年同期水平，行业补栏难度加大。目前补栏缓慢，养殖成本环比提升幅度在10%左右，成本上行。,2、公司主营业务为饲料的研发、生产、销售，主要产品为猪用饲料，包括优质教槽料、乳猪料等高端幼小猪营养产品。23年3月23日互动表示，公司掌握了包括饲料产品配方技术、蛋鸡料补钙技术、生物发酵技术为代表的多项核心技术。,3、因使用量在猪生长阶段所占比例较小，教槽料、乳猪料的行业竞争程度小于后端料市场。公司配合饲料细分产品教槽料、乳猪料的收入占比较同业大规模公司更高，达60%以上。,4、2023年1-3月公司净利润为1405万元至2205万元，同比增长1058%至1717%。",04月04日播恩集团股票异动解析,2023-04-04
sh600975,新五丰,生猪,猪肉+养殖,近期新希望计提大量损失，可见目前猪瘟影响超出市场预期。,3y61e45kpl,"1、机构研报称，新一轮自然减毒非瘟疫情仍将继续催化。华南部分地区已经严重，目前逐步进入雨季后，疫情会继续发酵。23Q1养猪企业成本大概率明显抬升，疫情影响再次做实强化。23年3月24日互动回复，2022年度公司（含天心种业）生猪出栏数量约为183万头，生猪出栏量同比增长122.32%。,2、公司主营业务为生猪养殖、肉品销售、饲料加工。公司主要产品包括生猪、肉品和饲料。从事供港澳生猪业务，是国内活大猪主要出口商之一。,3、公司生猪屠宰主要由控股子公司广联公司负责，广联公司拥有每年单班70万头的生猪屠宰加工能力和4万吨的冷库储藏能力，屠宰分割并加工成白条、鲜肉或冻品后对外销售。公司饲料自主生产由生物科技分公司、动物营养分公司、生物饲料衡阳分公司负责。",04月04日新五丰股票异动解析,2023-04-04
sz001368,通达创智,其他,法国贸易+年报增长+消费品制造+次新股,,aj5pvl83ne,"1、法国总统马克龙将于23年4月5日至7日对中国进行国事访问，23年4月4日互动，中国和欧盟（包括法国、德国等）互为重要的贸易伙伴，双边贸易持续上升，中欧合作关系良好。法国是公司重要市场，2022上半年公司向法国市场销售额11324.88万元、占比20.42%。,2、23年3月30日公告，公司22年净利润1.32亿元， 同比增加0.22%。,3、公司在OEM、JDM和ODM模式下，已进入迪卡侬、宜家、Wagner、YETI等全球性客户供应链。,4、公司主营业务是体育户外、家居生活、健康护理等消费品的研发、生产和销售。逐步拓展了包括云顶信息（电动牙刷）、宝洁、美的、MERCADONA、Helen在内等多家知名企业为公司的新增客户。",04月04日通达创智股票异动解析,2023-04-04
sz300389,艾比森,其他,LED+年报增长（10派3元）,,3y61e473d4,1、公司是全球领先的至真LED显示应用与服务提供商，为客户提供全系列LED大屏显示产品及专业视听解决方案。公司推出多款Mini LED产品,04月04日艾比森股票异动解析,2023-04-04
sh688182,灿勤科技,其他,5G滤波器+WiFi6+卫星通讯,,fg5f76rm3n,"1、公司主要从事微波介质陶瓷元器件的研发和生产销售，产品包括介质波导滤波器、TEM介质滤波器、介质谐振器、介质天线等多种元器件。最大客户是华为，占比77.3%，涉及到f5g的产品主要是wifi6。,2、基于优异的微波介电性能，微波介质陶瓷元器件目前广泛应用于移动通信、卫星通讯、卫星导航与定位。公司微波介质陶瓷元器件产业链下游主要为移动通信、卫星通讯、卫星导航与定位、航空航天、电子器件、汽车工业、万物互联等领域的产品应用。,3、公司已掌握HTCC和LTCC两种产品部分核心技术及客户资源，募投项目拟投入2.45亿元用以新建HTCC、LTCC产品合计5000万只\u002F年产能，目前日系厂商在HTCC、LTCC电子陶瓷产品市场中约占全球60%以上的市场份额，在国际贸易摩擦加剧背景下，国产替代空间较大。",04月04日灿勤科技股票异动解析,2023-04-04
sh688343,N云天,新股,人工智能算法与芯片技术,,785vmv87xl,"1、主营业务：,公司主要从事以人工智能算法、芯片技术为核心的算法软件、芯片等的自主研发与销售，并提供由定制化、标准化硬件产品到安装施工服务的完整技术解决方案。,2、核心亮点：,（1）公司是国内少数AI芯片与算法并行发展的企业之一。公司拥有算法技术及AI芯片技术两大技术平台，可实现算法芯片化，提升芯片的效率及场景适应性。,（2）在AI芯片领域，公司是业内少数自主研发芯片并已实现流片、量产及市场化销售的公司之一。公司自研芯片DeepEye1000已于2019年起实现独立商用，目前已与海康威视、阿里巴巴平头哥等建立了业务合作关系。,（3）公司主要客户包括各地政府、公安局、大型商场、机场车站等交通枢纽的业主单位、大型企事业单位、社区物业公司。,3、行业概况：,（1）目前视觉人工智能技术产业化落地应用程度不断提高，在智能手机、智能汽车等领域均有广泛的应用，并形成了全新的产业链条与商业经营模式。预计到2024年，我国人工智能市场将达到2400亿元。,（2）预计人工智能芯片行业2021-2026年将以29.3%的复合增长率增长。预计到2025 年，中国人工智能核心产业市场规模将达到4",04月04日N云天股票异动解析,2023-04-04
sh688535,N华海,新股,半导体封装材料,,5l5yhzquq9,"1、主营业务：,公司是技术水平领先的专业封装材料供应商，主要产品为环氧塑封料和电子胶黏剂。,2、核心亮点：,（1）公司是我国规模较大、产品齐全的环氧塑封料供应商。公司用于SOT、SOP 领域的高性能类环氧塑封料产品已达到了外资相当水平，在多个下游客户中逐步实现了进口替代。,（2）在先进封装领域，公司已成功研发了应用于QFN\u002FBGA、FC、SiP、FOWLP\u002FFOPLP等封装形式的封装材料，且相关产品已陆续通过客户的考核验证。,（3）公司的客户包括长电科技、华天科技、气派科技、银河微电、晶导微、虹扬科技等国内外知名芯片公司。,3、行业概况：,受益于全球封装产能逐步转移至我国，国内封装材料市场规模增速显著较高，2015年-2020年，我国包封材料市场规模由48.50亿元增长至63.00亿元。预计2022年全球封装材料市场规模将达到29.70亿美元。,4、可比公司：德邦科技。,5、数据一览：,（1）公司2020-2022年分别实现营业收入2.48、3.47、3.03亿元，三年复合增速20.76%；归母净利润0.27、0.48、0.41亿元，三年复合增速116.07%。发行价格35.00元\u002F股，发行PE69.08、行业PE30.12，发行流通市值7.06亿，市值28.25亿。,（2）2023年1-3月预计实现营业收入5",04月04日N华海股票异动解析,2023-04-04
sh603291,联合水务,新股,综合水务公司,,2a64a8q5kp,"1、公司是一家综合性全方位的水务公司，业务包括自来水生产与供应、污水处理与污水资源化中水回用、市政工程业务，并积极拓展河湖流域水治理和水生态修复等水环境治理业务。,2、公司在长三角等地具有区域优势。目前在国内江苏、湖北等9个省份15个城市拥有24 个运营公司，水务运营总协议和规划处理能力约为226万立方米\u002F日。,3、公司客户包括居民、工商企业、事业单位、政府部门或其授权单位、大型工商企业等。,4、2023年1-3月预计实现营业收入2.30亿元至2.57亿元，同比增长20.23%至34.30%；归母净利润0.14亿元至0.16亿元，同比增长46.82%至64.00%。,（详细解析请查阅23年3月27日异动解析）",04月04日联合水务股票异动解析,2023-04-04
sz301203,N国泰环异动解析,新股,污泥处理,,3y61e47szq,"1、主营业务：,污泥处理服务，并向成套设备销售和水环境生态修复领域延伸。。,2、核心亮点：,（1）公司自主研发的“污泥深度脱水技术”可在常温低压条件下将含水率80%左右湿污泥、含水率95-99%的浓缩污泥等多种含水率污泥进一步脱水至含水率45%左右（传统脱水技术仅将污泥含水率降至60%），该技术水平已达国内领先。,（2）公司运营了4个污水处理能力超过50万吨\u002F日（境内共32个）、2个污水处理能力超过100万吨\u002F日（境内共8个）对应的污泥处理项目。,（3）公司已获取新增客户上海建工和台州市水务集团，在新旧项目均顺利开展的情况下，公司的年污泥处理总量有望达200至230万吨。,3、行业概况：,受长期以来“重水轻泥”的影响，我国污泥处理行业起步相对较晚，目前仍处于成长阶段。多数涉足污泥处理的企业主营污水处理，行业内仅有少数企业专门从事污泥处理。,4、可比公司：兴蓉环境、复洁环保、绿威环保、鹏鹞环保、中电环保。,5、数据一览：,（1）公司2020-2022年分别实现营业收入4.56、3.31、3.76亿元；归母净利润1.84、1.40、1.49亿元。发行价格46.13元\u002F股，发行PE29.3、行业PE18.70，发行流通市值9.23亿，市值36.90亿。,（2）2023年1-3月预计实现营业收入0.9至0.98亿元，同比增长10%至20%；归母净利润2702至2948万元，同比增长10%至20%。,（部分资料来自公司招股说明书、华金证券等）",04月04日N国泰环异动解析,2023-04-04
sz301281,N科源,新股,化学原料药及其制剂产品,,785vmv8uek,"1、主营业务：,公司主要从事化学原料药及其制剂产品的研产销，产品覆盖降糖类、麻醉类、心血管类及精神类等重点疾病领域。,2、核心亮点：,（1）公司是格列齐特、盐酸罗哌卡因领域龙头厂商。2020年公司格列齐特销售量全球同类原料药占比36.00%，盐酸罗哌卡因销售量全球占比25.41%。,（2）公司为盐酸二甲双胍、单硝酸异山梨酯原料药的重要供应商，拥有单硝酸异山梨酯“原料药-制剂”一体化生产优势。,（3）公司已切入化妆品用中间体领域，中间体产品OR10127及OR10154用于欧莱雅防晒产品。,（4）公司的客户包括UnipexS.A.S、远大集团、誉仁医药、齐鲁医药、鲁抗制药、华北制药等国内外知名医药企业。,3、行业概况：,受下游全球医药市场需求持续上升影响，原料药市场预计未来五年将维持高速增长趋势。预计到2026年全球原料药市场规模为2459亿美元，复合五年增速约为6%。,4、可比公司：九洲药业、普洛药业、奥翔药业等。,5、数据一览：,（1）公司2020-2022年分别实现营业收入3.67、4.21、4.43亿元，三年复合增速12.50%；归母净利润0.69、0.78、0.91亿元，三年复合增速44.67%。发行价格44.18元\u002F股，发行PE43.72、行业PE26.25，发行流通市值8.55亿，市值34.20亿。,（2）2023年1-3月预计实现营业收入1.35亿元至1.45亿元，同比增长19.02%至27.83%；归母净利润0.27亿元至0.32亿元，同比变动-1.63%至16.58%。,（部分资料来自公司招股说明书、华金证券、华安证券等）",04月04日N科源股票异动解析,2023-04-04
sz000809,ST新城,ST板块,股权转让+新型城镇化+土地一级开发,,c65lzfsss0,"1、23年4月3日晚公告，控股股东拟公开征集受让方以转让25%公司股份，转让价不低于3.5337元\u002F股。本次转让完成后，铁岭新城控股股东和实际控制人可能将发生变更。,2、公司是一家主要从事土地一级开发和市政基础配套设施建设及运营业务的企业",04月04日ST新城股票异动解析,2023-04-04
