,code,stock,concept,cause,thing,url,explain,title,dt
0,sz002371,北方华创,公告,一季报预增+半导体设备+第三代半导体+芯片,,8wn7vx3bvq,"1、23年4月13日晚公告，公司预计一季度净利润为5.6亿元–6.2亿元，同比增长171.24%-200.30%报告期内，公司半导体设备的市场占有率持续提升，销售订单增长。Q1单季度收入增速中位数超75%，维持超高速增长。净利率稳在15%以上，考虑到Q1有较多光伏确认收入，半导体设备相关的稳态净利率有望达到20-25%。,2、公司主要产品为电子工艺装备和电子元器件，包括半导体装备、真空装备和锂电装备，已打入众多国内一线FAB厂，在合肥长鑫的DRAM产线，中芯国际的逻辑芯片产线中尤为重要。,3、产品工艺覆盖率及客户渗透率持续提高，刻蚀机、PVD、CVD、立式炉、清洗机、ALD 等设备新产品市场导入节奏也在加快，整体订单有望保持30%以上增长。,4、公司混合集成电路和电子元件产品用于包含航空航天在内的军工行业，在“神五”，“神六”，“神七”等神舟系列飞船，“嫦娥一号”，长征系列火箭的航天任务和多项国家重点工程中得到应用。",04月14日北方华创股票异动解析,2023-04-14
1,sz002756,永兴材料,公告,拟10转3股派50元+碳酸锂+云母提锂+军工,,fgmwbd50ee,"1、23年4月13日晚公告，公司拟每10股派50元，每10股转增3股，股权登记日为23年4月20日。公司接受调研表示，年产2万吨电池级碳酸锂项目已全面达产，180万吨\u002F年矿石高效选矿与综合利用项目已投产，年产300万吨矿石技改扩建项目已建成投产，化山瓷石矿采矿许可证证载生产规模已由100万吨\u002F年变更为300万吨\u002F年。,2、23年3月21日公告，公司22年盈利逾63亿元，同比增长逾600%；全年销售碳酸锂产品1.97万吨，同比增长75%。,3、公司一期超宽温区超长寿命锂离子电池项目生产的产品可用作风伏发电储能电池。公司与宁德时代合资计划建设年产5万吨电池级碳酸锂产能，公司持股比例30%。,4、公司是江西宜春地区云母提锂的代表企业，控股化山瓷石矿并参股白水洞矿山，具备锂矿自给能力；现拥有采矿产能325万吨\u002F年，选矿产能180万吨\u002F年，锂盐冶炼加工产能1万吨\u002F年，形成了采选冶一体化的生产布局。,5、公司拥有炼钢产能35万吨，轧线产能25万吨，剩余以钢锭销售或委外锻打。公司产品在军工领域应用较为广泛如双相不锈钢棒材、奥氏体不锈钢棒材等产品经下游加工成为无缝钢管、法兰、管件等应用于军事领域。",04月14日永兴材料股票异动解析,2023-04-14
2,sz002222,福晶科技,半导体产业链,光刻光源+光通讯+激光雷达,北方华创一季报超预期，半导体设备行业景气。,fgmwbd5s0a,"1、光刻机需要用到大量高性能要求光学元件，公司具备精密光学元件供应能力，且积极扩产应对医疗、激光雷达、AR\u002FVR、光刻机等高成长应用带来的需求；其中约10-20%收入来自光通信，主要客户Lumentum。,2、公司曾通过欧洲代理向ASML提供极其少量光学元件，控股61%的子公司福创光电开展衍射光学元件研究、生产，衍射光学元件是光刻机中一系列可动的镜片，主要用于产生光刻所需要的光源。,3、公司是业内少数能够为激光客户提供晶体、光学、器件产品一站式综合服务的供应商。公司未直接生产光模块产品，部分精密光学元件产品应用于光通讯领域，相关产品已成功推向Lumentum等光器件厂商。,4、公司在激光雷达，半导体设备领域配合国内头部厂商进行光学元件的开发。公司LBO、BBO全球市占率约80%，是国内少数能够为激光客户提供“ 晶体+光学元件+激光器件”一站式综合服务的供应商。",04月14日福晶科技股票异动解析,2023-04-14
3,sz002123,梦网科技,数字经济/人工智能,Chatbot+5G消息+签署合同+云通信服务商,"4月11日，Innovative Eyewear首发支持ChatGPT智能眼镜。
同日，阿里与飞书AI发布。",8wn7vx5ws5,"1、公司基于NLP，结合云识图、语音识别等技术，以chatbot为载体，打造了一站式、智能化的5G消息便捷服务，可实现客户已有机器人业务快速导入，实现资源共享。,2、23年1月3日公告，子公司深圳梦网与联通在线签订智信技术服务合同，接入联通在线 CSP 平台功能，支撑华为、小米、OPPO、VIVO 等多终端覆盖和线上运营，全面满足中国联通泛消息业务相关场景升级，形成通用能力，提高泛消息市场需求支撑效率。,3、公司下属子公司深圳梦网与华为云签署了关于智能信息终端解析能力釆购合作协议：面向客户，由华为云自建KooMessage运营平台，深圳梦网提供智能信息AIM+能力，华为云根据终端解析能力的使用量及双方约定的价格给深圳梦网支付釆购费用。,4、公司云通信服务业务拥有核心竞争优势，早在17年就布局5G消息，目前已覆盖多个行业。",04月14日梦网科技股票异动解析,2023-04-14
4,sh600556,天下秀,数字经济/人工智能,ChatGPT+数字版画+Web3.0,"4月11日，Innovative Eyewear首发支持ChatGPT智能眼镜。
同日，阿里与飞书AI发布。",c6n23n6zqj,"1、23年3月6日盘中消息传闻天下秀数字科技集团创始人及董事长及CEO李檬朋友圈表示虹宇宙的肉身和ChatGPT的灵魂开始测试。3月29日互动易回复，公司旗下虹宇宙APP已上线爱慕品牌线上虚拟旗舰店。,2、23年3月2日微博公告，微博全资子公司拟斥资21.6亿元向新浪子公司收购天下秀3.33亿股股权，交易完成后持股比例增至26.57%。,3、公司公众号23年1月由新华社新媒体中心、天下秀数字科技集团联合发起的文旅沉浸式数字化云平台——“云游中国”正式发布，以元宇宙赋能文旅产业，解锁元宇宙相关技术、场景与现有实体经济的有机融合。,4、23年3月27日互动易回复，公司与创维集团的合资公司酷天下（重庆）数字科技，已发布全球首款数字藏品展示硬件——HASHII加密数字版画。",04月14日天下秀股票异动解析,2023-04-14
5,sz300058,蓝色光标,数字经济/人工智能,停止外包支出+微软广告代理+获微软AI调用与训练许可,"4月11日，Innovative Eyewear首发支持ChatGPT智能眼镜。
同日，阿里与飞书AI发布。",dulbxmpe01,"1、23年4月12日讯，公司决定无期限全面停止创意设计、方案撰写、文案撰写、短期雇员四类相关外包支出。,2、23年4月11日互动表示，公司已与微软广告达成核心代理的战略合作，已获得微软云官方AI调用和训练许可，目前微软云上线的是OpenAIChatGPT(GPT-3.5)的相关服务。微软云尚未提供GPT-4服务，当微软部署完成GPT-4的相关服务后，公司即可同步使用。,3、公司曾互动表示在数字人建模领域，已实现使用图片生成模型的技术，3分钟即可生产一个模型。此外，公司正在积极试用ChatGPT技术",04月13日蓝色光标股票异动解析,2023-04-13
6,sh603888,新华网,传媒及游戏,内容核查+数据确权+文化传媒,出版行业有望在ai赋能下提升内容效率，且为大模型训练提供语料。,dulbxmsna8,"1、23年4月11日盘中消息，国家互联网信息办公室就《生成式人工智能服务管理办法（征求意见稿）》公开征求意见。公司与阿里巴巴共同投资成立新华智云，持有其39%股份为其第⼀⼤股东。其事实核查机器人，是基于新华智云自主研发的AI算法能实现对视频、音频、图片、文本等内容的统一审核，确保新闻内容的真实准确。,2、经济官方机构中国信通院曾联合新华网发布“星火链网”，后者专门通过底层技术和算法保障数字身份的分配和实现来数字确权。,3、新华网在线学习平台以提供网络课程资源等为目标，满足学习者对知识的需求。新华睿思·数据云图分析平台能够为政府单位、企业等客户提供多维度、7*24小时全方位的舆情监测服务，及时发现敏感信息并进行预警。,4、新华社是中国国家通讯社，是国家授权独家发布国家重大新闻信息的权威机构。新华社拥有覆盖全球的新闻信息采集和传播网络。,5、23年4月9日公告，公司2022年度归母净利润2.42亿元，同比增长15.03%。",04月13日新华网股票异动解析,2023-04-13
7,sh600339,中油工程,一带一路,一带一路+石油工程+EPC项目,墨脱水电站已经纳入十四五规划和2035年远景目标纲要。,c6letsad9n,"1、公司工程包括伊朗北阿扎德甘油田地面设施开发、沙特哈拉德天然气管道工程等，其中中俄东线（北段）工程获得总书记高度赞誉。,2、23年2月23日，由中油工程成员企业工程建设公司华北分公司EPC总承包建设的全球首座GST陆上薄膜型全容罐——河间LNG调峰储备库项目在上海完成运营交接，正式交付运营。,3、国际业务已拓展到中东等五大区域的66个国家和地区；主要的海外客户有阿联酋国家石油公司、委内瑞拉国家石油公司等，已成为ADNOC等28个国家石油公司，以及壳牌等国际石油公司的合格承包商。,4、全资子公司中油工程建设与埃克森美孚伊拉克公司在CPECC中东地区公司迪拜办公室签署西古尔纳-1原油处理列项目EPCC总承包合同，合同金额约3.1596亿美元（折合20.1亿元人民币）。",04月13日中油工程股票异动解析,2023-04-13
8,sh600415,小商品城,公告,拟投建义乌全球数字自贸中心+一季报超预期+市场服务,,8wjyha7hsp,"1、23年4月11日晚间公告，公司拟投资83.21亿元（含19.96亿元土地出让金）打造义乌全球数字自贸中心，将以全球数贸中心为载体，将数字经济和基础设施深度植入小商品贸易的各个环节。,2、数字人民币：此前3月25日义乌推出10大举措推动义乌小商品市场数字人民币试点，力争今年数字货币交易额超100亿元。,3、业绩超预期：同日晚公告，公司23年第一季度营收21.2亿元，同比增长32.69%；归母净利润12.22亿元，同比增长81.80%；流量大幅增长：第一季度国际商贸城日均客流量超20万人次，日均外商1646人，同比增长30.3%，日均车流量88593车次，同比增长23.4%。,4、公司从事市场开发经营及配套服务，提供网上交易平台和服务，网上交易市场开发经营等。23年2月20日讯，公司旗下YiwuPay义支付今日正式发布，这标志着全球最大的小商品集散中心拥有了自己的全球支付渠道。",04月12日小商品城股票异动解析,2023-04-12
9,sh601519,大智慧,数字经济/人工智能,AI金融+互联网金融+PC终端,"4月11日，Innovative Eyewear首发支持ChatGPT智能眼镜。
同日，阿里与飞书AI发布。",8wjyhaa6d4,"1、23年4月11日讯，老虎证券宣布推出AI投资助手——TigerGPT，进一步验证高质量专业金融数据+GPT技术结合。公司人工智能“AI小慧”，可用于智能问答。公司移动APP是业内领先的一站式证券信息服务平台，包括A股、港股等行情和数据。,2、公司财汇企业风险数据等3个产品挂牌上海数据交易所。公司是国内领先的互联网金融信息服务提供商，向广大投资者提供各类基于互联网应用的金融信息产品和服务。,3、公司已基于鸿蒙系统单独开发了大智慧鸿蒙版APP。",04月12日大智慧股票异动解析,2023-04-12
10,sz300379,东方通,数字经济/人工智能,AI内容检测+网络安全+CIPS+国产软件,"4月11日，Innovative Eyewear首发支持ChatGPT智能眼镜。
同日，阿里与飞书AI发布。",8wjyha9f5l,"1、23年4月11日盘后，公司互动表示在AIGC领域已形成了包含深度合成内容检测、融媒体内容安全检测在内的一系列产品和解决方案。,2、公司依托“安全+，数据+”两大产品体系，提出“数据中台”战略，在政企数字化转型领域进行全新布局，业务领域从政务、金融、电信、交通等传统优势客户拓展至应急管理、自然资源、教育等行业领域。,3、今年三大电信运营商采购了大量的国产服务器，而服务器与应用服务器中间件存在比例关系。东方通中间件产品应用在人民币跨境支付系统（CIPS）中，为系统运行提供高效、可靠的底层支撑服务，助力人民币国际支付清算业务发展。,4、公司专注于基础软件Tong系列中间件的研发、销售与相关服务。东方通是国家规划布局内重点软件企业，荣获国家科技进步二等奖、北京市科技进步二等奖，以及其他省部级奖项十余项，并承担多项国家重大科技专项课题的研制任务。",04月12日东方通股票异动解析,2023-04-12
11,sz000977,浪潮信息,数字经济/人工智能,年报增长+AI服务器市占率第一+百度+数据中心,"4月11日，Innovative Eyewear首发支持ChatGPT智能眼镜。
同日，阿里与飞书AI发布。",5lk49k8sky,"1、23年4月11日晚公告，2022年公司营收695.25亿元，同比增长3.7%；净利润20.8亿元，同比增长3.88%；拟每10股派1.5元。,2、公司在人工智能服务器领域的市占率位居全球AI服务器市场第一，在中国市场份额已连续五年保持50%以上，百度是公司重要客户；根据机构信息，公司主要客户均为互联网与AI巨头，浪潮拥有全球最大规模 AI巨量模型\源\：单体模型参数量达 2457 亿，超越 OpenAI GPT-3。,3、在AI领域，浪潮具备AI平台全栈技术能力，发布有首款智算中心调度系统AIStation，拥有性能最强的AI服务器AGX-5，公司AI服务器连续4年以过半市场份额稳居中国市场第一。,4、2020年浪潮信息在其生态伙伴大会上首次提出“智算中心”的概念。智算中心提供人工智能应用所需算力服务、数据服务和算法服务的公共算力新型基础设施，在推进AI产业化、赋能产业AI化等方面发挥显著作用。,5、浪潮信息是全球领先的 IT 基础架构产品、方案及服务提供商，业务覆盖计算、存储、网络三大关键领域，提供云计算、大数据、人工智能、边缘计算等在内的全方位数字化解决方案。",04月12日浪潮信息股票异动解析,2023-04-12
12,sz002174,游族网络,游戏,AI游戏+三体+网络游戏,游戏受益AI降本增效,dujpuww2gm,"1、2021年6月，游族网络与商汤科技宣布达成合作，布局AI 游戏，落实现有及待研发的游戏项目的深度合作，并探索游戏与人工智能方面的合作。 ,2、公司是一家全球性的游戏研发与发行公司，深耕卡牌和SLG赛道，正在运营的游戏超30款，产品遍及美、欧、亚等200多个国家及地区，在德国、新加坡等10余个国家设有分支机构。,3、《三体》的剧集版权由游族影业内部孵化的团队三体宇宙掌握，专注于《三体》IP系统开发。,4、23年1月3日公告，公司原控股股东拟将12.34%转让给上海加游，完成后上海加游将成为公司的第一大股东。上海加游核心股东：宛正持股37.5%，冯涛持股36.67%，赵宇尧持股24.44%；据悉赵宇尧是VeryCD联合创始人、心动游戏总经理；据天眼查显示冯涛现任北京首创集团财务部副总经理。",04月12日游族网络股票异动解析,2023-04-12
13,sz002624,完美世界,游戏,AI游戏+影视制作,游戏受益AI降本增效,2aka1ubh2e,"1、23年4月11日晚公告纪要，公司已于22年与微软就Azure相关服务签署协议，并于近期应邀出席了微软举办的GDC2023中国行活动，分享了AIGC在游戏中的应用场景及案例，目前公司已将AI相关技术应用于游戏中的智能NPC、场景建模、AI绘画、AI剧情、AI配音等方面。,2、公司已将AI相关技术应用于游戏中美术应用的多个环节以及实时NPC交互、场景建模等方面，并将持续探索在公司游戏研发和运营中的更多应用场景。《梦幻新诛仙》采用智能NPC与IK技术。,3、23年3月31日互动易回复，公司《幻塔》云游戏已开启测试，预计将于近期正式上线。,4、在研发方面，公司通过AI技术进行智能整合，完成场景建模、纹理渲染等；在游戏研发过程中使用AI绘图等技术。,5、公司主营业务：网络游戏的研发、发行和运营;电视剧、电影的制作、发行及衍生业务;综艺娱乐业务;艺人经纪服务及相关服务业务。",04月12日完美世界股票异动解析,2023-04-12
14,sz300299,富春股份,游戏,AI游戏+绘图+通信信息+数据中心,游戏受益AI降本增效,78k1devf1k,"1、23年4月11日互动表示，全资子公司上海骏梦已将AIGC工具应用在游戏研发的美术、代码等方面，并积极探索、尝试AI互动和游戏结合的玩法，增强用户体验感。,2、23年3月29日互动表示，公司在海外AI大模型的开源算法基础上搭建本地化AI应用工具，其中AI绘图（美术）工具已在部分在研项目应用。,3、23年2月份最新一批获取版号的游戏中，公司子公司上海骏梦自主研发的放置卡牌手游《星之觉醒》在过审的名单中，该游戏将由上海敢客网络运营。,4、公司目前与字节跳动及其相关公司在游戏发行、共同投资等方面开展合作。国信优易牵头构建川渝数据中心，公司持有国信优易4.60%股份，持有成都海科30%股权。,5、公司是“数字福建”顶层设计最主要的咨询企业之一，曾先后参与福建省大数据交易中心平台等项目的可研咨询、规划设计环节。",04月12日富春股份股票异动解析,2023-04-12
15,sz000681,视觉中国,数据产业链,数字版权+百度AI+AIGC+NFT,"两会期间新设立国家数据局。
4月11日盘中消息，国家网信办就生成式人工智能服务管理办法公开征求意见。",fgjlysbt45,"1、公司目前提供4亿张图片、3000万条视频和35万首音乐等可销售的各类素材，是全球最大的同类数字版权内容平台之一。,2、公司与百度旗下的AI作画平台文心一格开多项合作，共探AIGC内容产业发展方向。公司入为腾讯会议用户提供包括插画、摄影图片、动态图片以及AIGC-人工智能生成图片在内的各类虚拟背景图片。,3、公司已发售数轮AI生成数字藏品，AIGC方式创造图片内容，平台场景逻辑顺。公司探索和运用AIGC技术赋能业务，拥有广泛数据集和图片素材，布局AIGC图片创作。,4、优质全球化生态体系是公司可通过NFT升级其资产的基础，创作者在创作乃至售出NFT作品后仍可通过区块链加密技术来实现归属权的确认和溯源。,5、22年5月25日公告，由公司打造的海外视觉艺术数字艺术品平台——Vault by 500px官方网站于北京时间上线测试。",04月12日视觉中国股票异动解析,2023-04-12
16,sz300567,精测电子,其他,AR\u002FVR测量仪+半导体设备新贵+mini led,,ajjvm5wvy7,"1、公司在平板显示检测领域的研发投入主要用于新型显示技术产品的研发及相关技术储备，推出了色彩分析仪、AR\u002FVR测量仪。,2、目前国内半导体前道检测设备国产化率近乎为零，上海精测膜厚产品（含独立式膜厚设备）已取得国内一线客户的批量重复订单、OCD量测设备已取得订单并已实现交付，首台半导体电子束检测设备eViewTM全自动晶圆缺陷复查设备已正式交付国内客户，随着验证通过未来有望迅速放量。,3、半导体后道测试设备方面，子公司自动检测设备（ATE）、驱动芯片测试设备领域均以取得批量的订单。,4、公司锂电池检测设备方面客户覆盖宁德时代、比亚迪、中航锂电等新能源核心客户；公司主营OLED检测设备。",04月12日精测电子股票异动解析,2023-04-12
17,sz300476,胜宏科技,半导体,英伟达供货商+印制电路板+汽车电子,3月31日盘中讯，日本宣布将从7月开始对23种芯片制造设备的出口加以限制。,5l98m4c52w,"1、公司产品最终广泛应用于英伟达、亚马逊、微软、思科、 Facebook、英特尔等知名品牌。,2、公司主营业务为新型电子器件（印制电路板）的研究开发、生产和销售。产品国内外销售。,3、公司拥有省级工程技术研发中心，是 CPCA 副理事长单位，行业标准的制定单位之一。公司主要产品有高端多层板、HDI 板等，广泛应用于新能源、汽车电子（新能源）、5G 新基建、大数据中心等领域。,4、miniLED为公司重要下游应用领域，下游产品包括平板电脑、车载显示等。",04月06日胜宏科技股票异动解析,2023-04-06
18,sz300458,全志科技,半导体,SoC +RISC-V+MCU芯片+消费电子,3月31日盘中讯，日本宣布将从7月开始对23种芯片制造设备的出口加以限制。,aj8zyqw2r4,"1、根据IDC数据预计，2025年全球64%的数将会在传统数据中心之外创建，智能化有望带动终端AI处理的需求，SoC 作为智能终端算力主控，受益AI升级，ASP有望持续增加。公司SoC占总营收近8成，应用广泛；多颗搭载 RISC-V 的芯片已经实现大规模量产。,2、20年公告与阿里平头哥合作研发芯片，双方会持续在RISC-V架构生态上进行合作并持续推出新产品。公司在智能音箱领域与阿里等合作。,3、23年4月3日互动易回复，存储芯片主要是根据客户需求，与公司主控Soc产品共同搭配使用在下游领域广泛应用中。22年公司为智能车载应用领域客户提供车规级主控SOC及套片产品包。,4、公司专注于芯片设计主业；公司针对VR一体机应用推出芯片产品。已经量产XR系列MCU+WiFi产品；公司V系列产品线广泛支持各类AI视觉应用。公司是 Arm 架构的 SoC 芯片设计龙头，20 年推出 R329 智能语音芯片。",04月06日全志科技股票异动解析,2023-04-06
19,sz300672,国科微,半导体,视频编\u002F解码芯片+控制器芯片+算力芯片,3月31日盘中讯，日本宣布将从7月开始对23种芯片制造设备的出口加以限制。,c68x2lcy0q,"1、公司专注于芯片的设计研发，是国内领先的视频编\u002F解码芯片、固态存储主控芯片和卫星定位芯片解决方案提供商。公司的固态硬盘控制器芯片及整盘方案支持国密算法，在芯片级加密等方面积累了经验，已实现大规模量产出货。,2、公司针对AR\u002FVR市场推出了GK68系列芯片，支持8K@120全景360度视频解码等，可广泛应用到AR\u002FVR市场。,3、2022年初，公司8K超高清解码芯片已成功服务了北京冬奥会直播以及“百城千屏”项目。在2023年初已公布的运营商机顶盒集采招标中，公司芯片方案市占率实现了提升。,4、公司物联网系列芯片产品可应用于交通运输、公共安全等行业领域。应用场景包含4G\u002F5G通信基站授时、塔姿监测等。公司在高精度定向定位、北斗三代、多频多模定位方向加大投入。,5、公司在IPC SoC领域耕耘多年，公司已开发推出的搭载高算力双核NPU新一代推出高端IPC SoC，具备4T算力。已开发推出的NVR SoC芯片，支持后端多种智能算法应用。公司2022年向特定对象发行股票募投产品支持新一代H.266的视频格式，最高可支持8T算力。",04月06日国科微股票异动解析,2023-04-06
20,sz002681,奋达科技,数字经济/人工智能,阿里智能音箱+人工智能,国家发展改革委创新和高技术发展司负责人孙伟在国新办发布会上表示，适度超前部署数字基础设施建设。加快光纤网络扩容提速，5G的商用部署和规模应用，深入实施“东数西算”工程，加快基础设施数字化、智能化的改造。,3y9bh8wscr,"1、23年4月4日，阿里巴巴的一个全新大模型技术演示视频透出，天猫精灵接入了一个新版本的阿里大模型，向终端硬件行业展示多轮对话、AIGC等能力，这是阿里首次用智能音响作为模型入口。公司是天猫精灵重要供应商之一，与阿里巴巴合作的天猫精灵连续多年在中国智能音箱市场销量中排名第一。,2、公司是智能硬件领域垂直一体化解决方案供应商，较早布局智能穿戴、智能音箱等智能行业产品，在人工智能、算法、无线等领域具有一定的技术沉淀。,3、公司开发出便携式储能电声产品，可为消费电子产品、家用电器等提供清洁能源，适用于户外露营等场景。,4、公司主要客户有华为、Farouk System等企业。公司研发生产的智能监护设备实现了对老人心电、肌肉活动等实时准确监测。",04月06日奋达科技股票异动解析,2023-04-06
21,sz002777,久远银海,数字经济/人工智能,医保数据+AI医疗+政务信息化+民生信息化,国家发展改革委创新和高技术发展司负责人孙伟在国新办发布会上表示，适度超前部署数字基础设施建设。加快光纤网络扩容提速，5G的商用部署和规模应用，深入实施“东数西算”工程，加快基础设施数字化、智能化的改造。,c68x2lf1r1,"1、两会期间新设立国家数据局，医保数据领域有望成为第一个数据要素放开方向。,2、公司共承建了全国医保统一平台核心业务模块和22个省平台建设，公司可为下游需求公司提供服务。后续统一的医保数据、社保数据、养老数据，有望跟银行保险合作。,3、公司已在ICD编码智能推荐，智能导诊，医保零星报销单据智能录入，RPA流程机器人等应用场景有落地应用。,4、公司参与了国家数字经济试点重大工程“健康医疗大数据应用创新工程”项目。已在机器视觉、自然语言等领域具备底层技术研发能力，在人脸识别等方面完成了AI技术研发和应用。,5、公司云业务包括政务云业务以及为部分云建设商提供运维服务，云计算及大数据一体化的建设和服务是公司重要业务之一。",04月06日久远银海股票异动解析,2023-04-06
22,sz300502,新易盛,光模块,光模块+5G ,CPO技术有望大量应用在高性能计算和AI领域,8w92uvf6ht,"1、公司成功实现 800G光模块批量出货与400G DR4对北美大客户的批量供应，完成对硅光企业Alpine收购，目前拥有硅光技术路径的400G和800G光模块产品。针对下一代光模块产品，公司目前已推出QSFP-DD和OSFP的800G产品，以满足下一代数据中心建设提速要求。,2、公司目前业务主要涵盖全系列光通信应用的光模块，公司致力于光模块的研发、设计、测试和销售，产品服务于云计算数据中心、数据通信、5G 无线网络、电信传输、固网接入、智能电网、安防监控等领域的国内外客户。,3、公司为云数据中心客户提供 100G、200G、400G 和 800G 的高速产品；为电信设备商客户提供 5G 前传、中传和回传光模块、以及应用于城域网、骨干网和核心网传输的光模块；为智能电网和安防监控网络服务商提供光模块解决方案。",04月06日新易盛股票异动解析,2023-04-06
23,sz000021,深科技,存储芯片,存储封测+高带宽存储芯片+高端制造,3月31日，我方对美光公司在华销售产品启动网络安全审查。目前，美光在全球DRAM/NAND Flash市场分别占据25%和12%的份额，在车用存储市场占比超40%份额。,c68x2ldnd3,"1、目前存储封测总产能为8.2万片\u002F月，深圳厂稼动率处于满载，合肥工厂稼动率80%，公司在国内封测工艺领先，预计是国内存储芯片大厂后段委外最大受益方。,2、HBM(高带宽存储芯片，配套算力底座GPU)将数个DRAM裸片堆叠起来与数据中心GPGPU配合工作。公司具备8层和16层DRAM堆叠工艺，有望切入HBM封装赛道。,3、23年3月27日互动表示，深科技合肥沛顿存储由国家集成电路产业投资基金二期出资合计9.5亿元。合肥沛顿主要从事动态随机存储器DRAM、NAND FLASH的颗粒封装测试，晶圆中测Chip Probing和内存模组制造业务。,4、公司主要从事高端存储芯片的封装与测试，产品包括动态随机存取存储器、NAND 型闪存以及嵌入式存储芯片。",04月06日深科技股票异动解析,2023-04-06
24,sz002463,沪电股份,其他,PCB+新能源汽车,,7895qzzf8h,"1、公司服务器订单有望于2023年初陆续落地，打开公司业务新增量。公司PCB产品主要应用领域为通讯通信基础设施以及汽车电子，公司国内目前整体年设计产能（青淞+沪利微电+黄石一二厂）达520万平方米。,2、公司产品以通信通讯设备、数据中心基础设施为核心应用领域，辅以工业设备应用领域，开始逐步布局半导体芯片测试应用领域。公司将青淞厂22层以下PCB产品以及沪利微电中低阶汽车板产品加速向黄石厂转移，以应对价格竞争。,3、公司是印制电路板行业内的重要品牌之一。公司与客户在新能源汽车，自动驾驶，热管理等多领域深度合作，主要涉及高密度HDI制程技术开发等方面。",04月06日沪电股份股票异动解析,2023-04-06
25,sh603000,人民网,数字经济/人工智能,数据确权+人工智能+互联网医疗+数据要素,国家发展改革委创新和高技术发展司负责人孙伟在国新办发布会上表示，适度超前部署数字基础设施建设。加快光纤网络扩容提速，5G的商用部署和规模应用，深入实施“东数西算”工程，加快基础设施数字化、智能化的改造。,3y61e441sq,"1、23年4月3日消息，西部数据系统受到骇客恶意攻击，并影响部分营业运作；此外盘后，国家市场监管总局、中央网信办、工业和信息化部、公安部近日联合印发《关于开展网络安全服务认证工作的实施意见》。公司打造人民网人工智能技术引擎，参股了人民中科（山东）智能技术，将中国科学院自动化研究所的人工智能技术与人民网的内容风控能力紧密结合。,2、人民网旗下人民数据管理，在2019年9月推出我国首个数据确权平台——人民数据资产服务平台。人民数据亮点：1）官网明确了确权服务流程；2）最近正在招聘数据确权相关人才；3）2021年6月，人民数据和世纪互联合作，推出了中国首个个人信息保护与确权服务平台——人民数保。,3、公司拥有人民好医生网络平台，开展互联网医疗工作。人民网智作平台由公司子公司人民网科技公司负责运营。灵境·人民艺术馆由人民网打造，该网上展馆将为艺术从业人员和爱好者提供数字化平台，为艺术品数字版权保护、数字出版、数字转化、区块链（人民链）认证等提供服务。,4、人民网是由人民日报社控股的上市公司。主要业务包括：广告及宣传服务业务：依托人民网官网、“人民网+”客户端以及环球网、海外网等子公司网络运营平台、活动及赛事服务平台，在网站、客户端、互动社区等页面、栏目上，通过文字链、图片、多媒体等表现形式为客户提供多维度的广告及宣传服务。",04月04日人民网股票异动解析,2023-04-04
26,sz300188,美亚柏科,数字经济/人工智能,视频图像鉴真+网络安全+电子数据取证,国家发展改革委创新和高技术发展司负责人孙伟在国新办发布会上表示，适度超前部署数字基础设施建设。加快光纤网络扩容提速，5G的商用部署和规模应用，深入实施“东数西算”工程，加快基础设施数字化、智能化的改造。,785vmv4y37,"1、23年3月31日，意大利个人数据保护局宣布，从即日起禁止使用CHATGPT。公司“慧眼”视频图像鉴真工作站已经发布，涵盖40余种视频图像真伪鉴定算法，为鉴定人员提供一站式视频图像检验鉴定服务，利用深度伪造技术进行换脸、美颜或异图复制篡改的影像具有十余种理想的鉴定效果。,2、公司乾坤大数据操作系统（QKOS）。以“九天揽月”的产品体系，支撑各行业大数据基础能力、领域中台、业务应用的快速构建。22年9月9日，美图公司与美亚柏科在厦门签署战略合作协议，共同推进网络及数据安全体系建设。,3、猎鹰浏览器是公司自主研发、服务特定客户的国产化浏览器。目前该产品的主要客户为司法机关和行政执法单位。,4、美亚柏科是国内电子数据取证行业龙头企业、公共安全大数据领先企业、网络空间安全与社会治理领域国家队。公司是国投智能的控股子公司，国投集团的重要投资企业，国务院国资委为公司实际控制人。",04月04日美亚柏科股票异动解析,2023-04-04
27,sh603083,剑桥科技,光模块,供货微软+光模块+CPO+5G,CPO技术有望大量应用在高性能计算和AI领域,5l5yhznas9,"1、23年3月24日盘后公告，公司表示已直接或通过通信设备制造商间接向微软供应高速光模块产品。公司23年3月30日表示今年可能最大的营收是宽带接入，在高速光模块800G可能会有一席之地，无线刚转型，在转Wi-Fi7可能会稍微缓一缓，但下半年也会增长。,2、公司在四十八届OFC现场展示最新的800G光模块和1.6T相关技术，助力客户实现51.2T级交换。公司在光模块技术、自主光器件和在板激光器技术(BOB)等具有较强的集成和产业链整合能力，22年公司集中研发资源支持重点项目如新一代100G 单波产品系列等。,3、公司的高速光模块产品面向电信运营商和数据中心运营商",04月04日剑桥科技股票异动解析,2023-04-04
28,sz000988,华工科技,光模块,光模块+微软+汽车电子,CPO技术有望大量应用在高性能计算和AI领域,8w5srqp2g7,"1、公司在机构调研时表示，预计今年在北美的销售收入有望达到1.5亿美元规模，其中大概约8成是用于AI的光模块，出货产品从100G到800G全覆盖，并确定了1.6T产品研发计划。预计今年能够达到20亿至25亿美元，后续可能逐步增长到每年50亿美元。北美市场公司800G 的产品预计能达到第二第三的份额，在相干光模块领域，会争取第一市场份额。,2、在头部客户方面，公司跟英伟达、微软、ARISTA、Intel等也进行了良好对接，预计今年内在北美大客户方面能够获取一定份额。,3、公司全球第一个推出了400GZR+PRO产品，已经得到了十几家客户的关注，开始送样并收获小批量订单。,4、公司业务包含了通信、激光、传感和防伪四大业务，通信业务华工正源光器件是华为、中兴的核心供应商。,5、华工科技汽车传感器业务主要涵盖 NTC 温度传感器（全球市场份额70%）和 PTC 加热器（国内市场份额60%）两大品类。",04月04日华工科技股票异动解析,2023-04-04
29,sh601390,中国中铁,一带一路,一带一路+基建+铁路电气化+国资,4月3日上午，国内开行的首趟陆海新通道中缅跨境铁公联运班列中心从重庆发出，通过瑞丽市畹町口岸出口至缅甸,8w5srqq7qq,"1、公司实控人为国资委，主营基建建设、勘察设计与咨询服务、工程设备和零部件制造、房地产开发等，是全球最大的多功能综合型建设集团之一，已在境外逾55个国家和地区承建超230个海外项目，公司参建多个“一带一路”项目。,2、铁路电气化技术方面，公司电气化技术实力代表着当前中国电气化最高水平，参建并已投入运行的京沪、京广等高铁均达到世界一流水平。,3、22年11月23日公告，公司共中标15个重大工程，中标价合计约865.25亿元，约占本公司中国会计准则下2021年营业收入的8.08%。,4、23年3月31日公告，公司22年净利润312.76亿元，同比去年增长13.25%。",04月04日中国中铁股票异动解析,2023-04-04
30,sh600100,同方股份,数字经济/人工智能,昇腾AI服务器+数据中心+数字信息,国家发展改革委创新和高技术发展司负责人孙伟在国新办发布会上表示，适度超前部署数字基础设施建设。加快光纤网络扩容提速，5G的商用部署和规模应用，深入实施“东数西算”工程，加快基础设施数字化、智能化的改造。,du3waa59vz,"1、23年3月24日盘后互动，公司基于Ascend芯片所开发的AI服务器产品在算力方面国内领先。23年2月16日官微讯，同方计算机联合华为，推出基于昇腾技术的AI服务器，并与北京昇腾人工智能计算中心签约达成合作，预计算力使用规模超过248P。,2、公司具备英伟达和昇腾两条技术路线的人工智能服务器产品线，具备大批量出货能力，用于建设宁波智算中心、北京昇腾智算中心等项目。,3、公司旗下知网的技术团队在持续跟踪预训练大模型能力的演化趋势，并在跨模态大模型建设与应用方面有一定的布局。,4、信创业务是公司数字信息产业的重要部分，业务主要分为数字信息、民用核技术、节能环保等业务领域。,5、子公司同方威视在辐射成像、计算机断层扫描等、人工智能识图领域掌握核心技术，基于先进的模块化设计和工程设计经验，能够为新能源汽车产业链、锂电池制造、一体化压铸工艺等行业领域量身打造无损检测综合解决方案。",04月03日同方股份股票异动解析,2023-04-03
31,sh601360,三六零,数字经济/人工智能,ChatGPT+搜索引擎+网络安全+区块链,国家发展改革委创新和高技术发展司负责人孙伟在国新办发布会上表示，适度超前部署数字基础设施建设。加快光纤网络扩容提速，5G的商用部署和规模应用，深入实施“东数西算”工程，加快基础设施数字化、智能化的改造。,8w44ypm5l7,"1、23年3月21日据深厂消息，360已在内部办公软件“推推”上线类ChatGPT机器人助手MasterYoda。公司与微软、谷歌都拥有浏览器工具、搜索引擎、和用户交互入口。这些优势是开发大模型通用人工智能的充分及必要条件。公司的人工智能研究院从2020年开始一直在持续研发类ChatGPT在内的大模型通用人工智能技术。,2、目前360搜索是中国搜索引擎的Top 2，市场份额为35%，拥有海量且准确的数据用来提升模型的训练效果。23年2月15日公告，公司中标2.4亿城市安全项目 “数字安全医院”落地西安。,3、公司从事互联网安全技术的研发、互联网安全产品的设计、研发、推广",04月03日三六零股票异动解析,2023-04-03
32,sz000938,紫光股份,数字经济/人工智能,子公司业绩增长突出+网络切片+AI算力,国家发展改革委创新和高技术发展司负责人孙伟在国新办发布会上表示，适度超前部署数字基础设施建设。加快光纤网络扩容提速，5G的商用部署和规模应用，深入实施“东数西算”工程，加快基础设施数字化、智能化的改造。,7847uu519e,"1、23年3月30日公告，公司2022年度业绩，净利润21.58亿元，同比持平；控股子公司新华三2022年营收达到498.10亿元，同比增长12.31%;实现净利润37.31亿元，同比增长8.65%。,2、新华三的SDN\u002FNFV是网络切片关键技术，助力运营商网络重构。新华三提供一系列高端AI算力基建产品，包括数字中心交换机、AI服务器、CPO等。,3、公司与多家国内外服务器芯片厂商开展深度合作。公司作为全球新一代云计算基础设施建设和行业智慧应用服务的领先者，提供技术领先的网络、计算、存储、云计算、安全和智能终端等全栈 ICT 基础设施及服务。,4、公司提供行业智慧应用一站式数字化解决方案，以及顶层设计、软件开发、系统集成及运维管理等全生命周期服务。",04月03日紫光股份股票异动解析,2023-04-03
33,sz300846,首都在线,数字经济/人工智能,数据中心+边缘计算+元宇宙,国家发展改革委创新和高技术发展司负责人孙伟在国新办发布会上表示，适度超前部署数字基础设施建设。加快光纤网络扩容提速，5G的商用部署和规模应用，深入实施“东数西算”工程，加快基础设施数字化、智能化的改造。,5l4aqyn38w,"1、23年3月23日公告，收购怀来智慧云港100%的股权，将开展数据中心建设。23年3月31日据悉，位于海南文昌国际航天城的首都在线海南国际数据和算力服务中心近日取得新进展，一期项目已完成封顶，目前即将完成楼内机电设施安装工作。,2、公司是一家覆盖全球的互联网数据中心服务提供商，在全国60余个数据中心部署超过3000个机柜；公司已在全球10余个国家或地区建立了云服务平台。积累了快手等一批行业优质客户和成功案例。公司已在全球搭建了云网一体化云平台，网络覆盖能力已经达到30ms延迟内覆盖全球70%的人口。,3、22年1月19日讯，公司与庭宇科技签署战略合作协议，庭宇科技是国内领先的边缘云服务提供商，为公司客户提供高性能、低成本的边缘算力；CDS首云与紫金云深度合作，打造西部科学计算及人工智能超算数据中心，CDS首云已经在四川、内蒙、江苏等多个省份的三线城市布局。,4、公司在云渲染沉浸式场景技术方面已经建立研发团队，通过边缘云等产品，服务于数家VR\u002FAR等公司。",04月03日首都在线股票异动解析,2023-04-03
34,sz300033,同花顺,数字经济/人工智能,i问财+AI+互联网金融,国家发展改革委创新和高技术发展司负责人孙伟在国新办发布会上表示，适度超前部署数字基础设施建设。加快光纤网络扩容提速，5G的商用部署和规模应用，深入实施“东数西算”工程，加快基础设施数字化、智能化的改造。,5l4aqyn9vw,"1、23年3月31日彭博社发布专注金融界的大型语言模型BloombergGPT，金融相关任务上的性能明显优于现有模型。,2、公司产品“I问财”具备智能选股、智能投顾及问财机器人等功能，iFinD产品实现了基于语音交互与智能搜索服务、机器阅读研报、研报知识图谱自动生成等一整套智能化解决方案。,3、公司已构建同花顺AI开放平台，可面向客户提供智能语音等多项AI产品及服务，可为银行、证券等行业提供智能化解决方案。,4、公司是国内领先的互联网金融信息服务提供商，产品及服务覆盖产业链上下游的各层次参与主体，包,括证券公司、公募基金、私募基金等机构客户，以及广大个人投资者。,5、公司主要业务是为各类机构客户提供软件产品和系统维护服务、金融数据服务、智能推广服务，为个人投资者提供金融资讯、投资理财分析工具等服务。",04月03日同花顺股票异动解析,2023-04-03
35,sh688041,海光信息,数字经济/人工智能,海光CPU+芯片,国家发展改革委创新和高技术发展司负责人孙伟在国新办发布会上表示，适度超前部署数字基础设施建设。加快光纤网络扩容提速，5G的商用部署和规模应用，深入实施“东数西算”工程，加快基础设施数字化、智能化的改造。,7847uu4hd2,"1、23年3月27日网传纪要显示，在近期编号为HC-ZB-2021-ZB0364的北京大学高性能计算系统采购中标公告中，海光信息DCU Z100单块GPU卡显存32GB HBM2，FP64算力10.8TF-l-o-ps，通用计算核心8192个，硬件参数基本与英伟达A100和AMD MI100在同一起跑线上。,2、公司的主营业务是研发、设计和销售应用于服务器、工作站等计算、存储设备中的高端处理器，产品包括海光通用处理器和海光协处理器。海光三号目前已实现销售，是公司2023年销售的主力产品。,3、公司在国内率先完成了高端通用处理器和协处理器产品成功流片，并实现了商业化应用。中科院背景，是目前国内唯一一家生产x86架构CPU芯片的企业，少数可与Intel、 AMD等公司竞争国产芯片厂商，性能以及兼容性均处于行业信创的第一梯队。",04月03日海光信息股票异动解析,2023-04-03
36,sz300308,中际旭创,光模块,光模块+云计算,CPO技术有望大量应用在高性能计算和AI领域,3y4dm35l0c,"1、机构预计今年全球800G需求在60~70万只，其中中际旭创占据主要份额，明年预期整体需求将超过150万只。同时中际旭创在今年三月初的OFC 2023会议上推出了1.6T产品，研发进度全球领先。,2、公司在2023年OFC会议上推出多款新品，包括1.6T单通道200G光模块、基于5nm DSP的800G硅光模块和400G相干光模块等。,3、公司主营业务为高端光通信收发模块以及光器件的研发、生产及销售。全资子公司苏州旭创致力于高端光通信收发模块的研发、设计、封装、测试和销售，产品服务于云计算数据中心等领域的国内外客户。,4、控股子公司成都储翰是专注于接入网光模块和光组件、生产及销售的高新技术企业，公司拥有从芯片封装到光电器件到光电模块的垂直整合产品线。",04月03日中际旭创股票异动解析,2023-04-03
37,sz301308,江波龙,存储芯片,数据存储+存储器+次新股,3月28日，美光科技发布23年第二财季，净亏损23亿美元，上年同期为22.6亿美元。为最大季度亏损，归因于存货减值计提超14亿美元。美光管理层暗示存储市场可能已经触底，预计AI将在2025年提振销售。,5kxqmaefjk,"1、官微23年3月23日消息：公司在上海投入数据中心存储产品研发，并在中山建立数据中心存储专线，目前已形成eSSD和RDIMM两类产品，贯穿Flash与DRAM，是国内极少有的具备提供企业级存储产品组合能力的存储企业。,2、23年3月29日互动表示，依据CFM数据，2023年全球半导体存储的单价有望终结下跌趋势，并可能实现小幅回升。,3、公司聚焦存储产品（占比99.9%），已形成嵌入式存储、固态硬盘、移动存储及内存条四大产品线",03月30日江波龙股票异动解析,2023-03-30
38,sh688111,金山办公,人工智能,办公软件+鸿蒙适配+云办公,微软发布GPT-4 Office产品Copilot，将适用于Microsoft 365中的Office全家桶，能帮客户提高写文档、创建图表、生成艺术画方面提高效率。,29w9608xx5,"1、券商研报称继移动办公、云和协同办公后，办公软件的下一个风口是智能化。公司是国内领先的办公软件和服务提供商，主要从事WPS Office办公软件产品及服务的设计研发及销售推广。,2、22年10月金山办公和华为围绕鸿蒙系统、welink等进行紧密合作和协同。,3、22年7月金山办公携全新产品“金山数字办公平台”，公司产品主要包括 WPS Office 办公软件和金山词霸等，可在 Windows、Linux、Mac OS、Android、iOS 等众多主流操作平台上应用；公司服务主要包括基于公司产品及相关文档的增值服务以及互联网广告推广服务，为客户提供一站式、多平台应用的解决方案。,4、公司拥有办公软件领域 30 余年研发经验及技术积累，旗下主要产品及服务皆由公司自主研发，对核心技术具有自主知识产权。公司重点针对文字排版技术、电子表格计算技术等多种关键技术进行深入研究，通过核心技术的突破，建立互联网云办公应用服务体系，创建智能办公新模式，全面提升用户体验。",03月29日金山办公股票异动解析,2023-03-29
39,sh605358,立昂微,半导体,射频芯片+半导体硅片,"3月28日，商务部部长王文涛会见ASML总裁温宁克。
根据国际半导体产业协会（SEMI）最新公布的报告预测，2024年全球半导体设备支出额将同比增长21%至920亿美元，逆转今年下滑22%的走势。",29w960c8et,"1、23年3月15日互动易回复，公司化合物半导体射频芯片产品铟镓磷异质结双极型晶体管 （InGaP HBT）应用于 2G\u002F3G\u002F4G\u002F5G 高频、高线性的无线射频通讯市场。,2、公司12英寸重掺硅片技术国内领先，客户包括华虹、士兰微等海内外大厂。公司主营业务包含半导体硅片、半导体功率器件、化合物半导体射频芯片三大板块，产品覆盖 6-12 英寸半导体硅抛光片和硅外延片。,3、子公司立昂东芯为化合物半导体射频芯片领域先锋企业，6 英寸砷化镓微波射频芯片的产能规模和工艺技术水平位居国内第一梯队。,4、公司产品应用领域广泛，包括通信、汽车、消费电子、光伏、智能电网、医疗电子以及 5G、工业控制、航空航天等产业。",03月29日立昂微股票异动解析,2023-03-29
40,sz002602,世纪华通,人工智能,腾讯AI计算中心+IDC+数据安全,微软发布GPT-4 Office产品Copilot，将适用于Microsoft 365中的Office全家桶，能帮客户提高写文档、创建图表、生成艺术画方面提高效率。,ahu5uu4lt1,"1、腾讯旗下公司持有公司10%股权，为公司第二大股东。公司中标了华为云的数据中心项目，深度参与的腾讯长三角人工智能先进计算中心，累计已交付近万个机柜并逐步投入运营。深圳数据中心项目计划经营机柜数量约12000个，目前项目处于建设当中。,2、在数据安全领域，控股子公司世纪珑腾受让了卫士通所持有的卫士通（上海）网络安全34%股权，双方全力打造整体互联网数据安全解决方案落地。公司还在数字人、元宇宙、VR游戏、云数据等领域不断开展探索和布局。,3、公司主要有互联网游戏、汽车零部件制造和云数据三大业务板块。,4、互联网游戏业务，研发和储备了多款面向全球市场的精品游戏；《庆余年》手游荣登多个游戏榜单前列，长线运营的《最终幻想 14》等常青游戏持续领跑市场。,5、汽车零部件业务，陆续斩获了北美新能源标杆车企、比亚迪、蔚来、小鹏等公司的新能源配套项目。",03月28日世纪华通股票异动解析,2023-03-28
41,sz000617,中油资本,石油化工,参股昆仑银行(跨境支付)+大宗贸易+数字金融,沙特阿美拟收购荣盛石化10%的股份，全面扩大在华业务,77ubm353rk,"1、昆仑银行（中油资本持股77.10%）可为企业提供包括国际结算、外汇交易、跨境担保和跨境融资在内的多方面金融服务。昆仑银行已为中伊两国企业提供了包括国际结算、外汇交易、跨境担保和跨境融资在内的多方面金融服务，成为中伊双边经贸往来的金融窗口和主渠道。,2、公司实控人为中国石油天然气集团。,3、昆仑保险经纪中标郑州商品交易所期货标准仓单责任险项目，该项目为国内首单期货交易标准仓单责任保险项目。此次中标奠定了昆仑保险经纪在国内大宗贸易行业保险经纪人的主导地位。,4、公司是一家金融业务整合、金融股权投资、金融资产监管、金融风险管控的平台，通过持有昆仑银行、中油财务、昆仑金融租赁、中油资产等公司的股权经营财务公司等业务，是一家定位于产业金融的全方位综合性金融业务上市公司。,5、2020年12月公司出资2亿元参股昆仑数智，金融业务获数字加持，推进科技金融建设。中油资本借助昆仑数智掌握的海量油气行业数据、云服务能力，加大客户精准营销和全周期管理力度，开拓外部市场。",03月28日中油资本股票异动解析,2023-03-28
42,sz002401,中远海科,其他,航运数据+船视宝挂牌上海数交所+智慧交通,,ahu5uu6mwm,"1、公司船视宝系列产品已积累了115个核心算法，船舶航行主动安全系统、交通事件检测系统运用到机器视觉相关技术。目前已汇聚全球约24万艘商船290亿条船位数据，覆盖全球5000余个港口、4万多个泊位，识别动态数据6000多万条，开放API接口650个左右，累计调用近4亿次，累计收入超7000万。,2、上海数据交易所于23年1月3日正式运营，将收取数商服务费及数据产品交易服务费。公司“船视宝”平台挂牌上海数据交易所，且拥有海洋航线高精度地理数据，有望受益于数据要素价值重估。,3、公司的交通事件视频事件分析系统、车载道路病害智能检测系统等相关产品均运用到机器视觉技术。,4、公司主要从事智慧交通、智慧航运、智慧物流、智慧安防等领域的业务，开展数据中台、业务中台建设，以数据中台架构打造面向行业服务的数字化平台产品，为行业客户提供端到端的数字化、智能化解决方案。",03月28日中远海科股票异动解析,2023-03-28
43,sz300655,晶瑞电材,公告,国家大基金增资+光刻胶+NMP,,8vsm6l1z2y,"1、23年3月24日晚公告，公司参股子公司湖北晶瑞获国家集成电路产业投资基金二期投资1.6亿元；媒体报道称，半导体制造设备领域和材料领域是大基金二期的投资重点。,2、公司的超高纯化学品也是业务支柱之一，半导体级三大超高纯试剂的产品纯度达到世界领先；KrF光刻胶已完成中试，ArF光刻胶研发进行中，产品升级会带来5-10倍的增量。华虹半导体、长鑫存储等国内主流的集成电路制造商已成为公司战略合作伙伴",03月27日晶瑞电材股票异动解析,2023-03-27
44,sz300676,华大基因,医药,医学AI+基金测序+新冠检测,,ahsjafnh0z,"1、19年11月公司与英伟达签署战略合作协议，共同推进医学图像AI诊断技术的研究和应用。双方将通过英伟达的GPU计算技术和华大基因的生物医学数据分析能力，加速医学图像的处理和分析，提高肿瘤等疾病的诊断精度和效率。,2、公司与微软合作，利用微软Azure云计算平台，对基因测序数据进行处理和分析，以提高数据处理效率和分析准确性。,3、公司是国内少有的掌握核心测序技术的企业之一，业务布局生育健康类服务、肿瘤防控类服务、病原感染类服务、多组学大数据与合成业务、精准医学检测综合解决方案等5大业务板块。,4、公司新冠检测产品已覆盖全球超过180个国家和地区，海外累计运营“火眼”实验室超过90个，分布在全球近30个国家和地区。公司新冠核酸检测试剂盒是国内首批获得国家药监局审批上市的抗疫检测产品，并率先进入WHO应急使用清单。",03月27日华大基因股票异动解析,2023-03-27
45,sz002261,拓维信息,华为合作,算力+华为昇腾+AI服务器+在线教育,3月23日举行的华为春季旗舰新品发布会上华为带来全新智慧搜图功能，基于多模态大模型技术，在手机端侧对模型进行小型化处理，在业界率先实现了首创的、精准的自然语言手机图库搜索体验。,3xsvuzlqdw,"1、公司携手华为在8大节点算力中心做了布局，参与了长沙、重庆人工智能算力中心、全国一体化算力网络国家(贵州)主枢纽中心的建设。23年3月24日互动表示，子公司开鸿智谷与华为智慧公路军团签署了战略合作协议，双方基于OpenHarmony面向公路行业打造软件发行版及场景化解决方案。公司已中标全国一体化算力网络国家主枢纽中心IT设备采购一期项目。,2、公司主要聚焦盘古大模型算力基础设施的建设，盘古大模型是一系列大模型的总称，包括NLP大模型、CV大模型、多模态大模型和科学计算大模型等。公司是华为唯一“昇腾AI\u002F鲲鹏计算+开源鸿蒙操作系统”的战略合作伙伴，2022h1公司昇腾AI服务器出货量在华为合作方中排名第一。,3、22年2月16日网络语音会议中，公司表示在长沙做的人工智能算力中心是22年建设，整个规划三年是1000P，目前是做了200p，上线以后不到 3 个月，算力基本上就消耗完，要做进一步的一个扩容。公司主要聚焦盘古大模型算力基础设施的建设，后续将结合行业客户的发展需求，推出行业发行版。,4、公司旗下长征教育“云宝贝-智慧幼儿园”产品是目前入驻华为云严选商城的唯一智慧幼教产品。将5G、AI、大数据等先进信息技术融合到幼儿园的各个场景中，为幼儿园提供软硬一体化的创新产品和解决方案。,5、公司主营业务为以教育服务为主航道，以软件云服务和移动游戏业务为两翼协同发展，主要产品及服务为考试阅卷及测评、拓维学堂、手机游戏、软件云服务。22年6月全资子公司重庆芯锐与华海智汇签订重庆人工智能创新中心项目设备和服务采购合同，合同金额2.96亿元。",03月27日拓维信息股票异动解析,2023-03-27
46,sh600839,四川长虹,华为合作,华为鲲鹏服务器+AI服务器+文心一言,3月23日举行的华为春季旗舰新品发布会上华为带来全新智慧搜图功能，基于多模态大模型技术，在手机端侧对模型进行小型化处理，在业界率先实现了首创的、精准的自然语言手机图库搜索体验。,dtscj6nnk1,"1、公司与华为联合宣布，推出以基于鲲鹏主板的长虹天宫系统，首批四川造的“宫”字牌PC和服务器，已经应用于绵阳市智慧政务系统。在鲲鹏路线中，“天宫”产品中标量位列第一。,2、控股98%子公司虹信软件，主营各类AI服务器和通用服务器，天宫AT800AI推理服务器可提供强大的实时推理能力，在中国电信2022~2023年服务器集中采购项目中，“天宫”产品成功入围中国电信集采，中标金额4.73亿。,3、23年2月17日公司宣布长虹8K电视将全面体验并介入文心一言。公司拥有首款搭载ARM旗舰级CPU——Cortex-A73的4K智能电视采用了由长虹与华为海思共同开发的芯片。,4、公司是一家全球化综合型企业，主营“以电视、扫地机器人、智能盒子等为代表的消费电器业务，以冰箱压缩机为代表的部品业务，以 ICT 产品分销等为代表的 ICT 综合服务业务，以电子制造（EMS）为代表的精益制造服务业务以及其他相关特种业务”等。",03月27日四川长虹股票异动解析,2023-03-27
47,sz300364,中文在线,人工智能,AIGC+Web3.0+数字藏品平台+在线教育,微软发布GPT-4 Office产品Copilot，将适用于Microsoft 365中的Office全家桶，能帮客户提高写文档、创建图表、生成艺术画方面提高效率。,29n91bh2uq,"1、23年3月9日互动易回复，公司拥有海量的正版中文数据资源，公司在数据的优势有4个：第1个是海量，公司拥有的中文文字字数超万亿字，内容品类包含小说类、科普类等；第2个是高质量，公司拥有的数字内容经过市场长期校验，让AI模型产出内容稳定；第3个是正版版权，拥有旗下数字内容从数字版权到全部版权的权利，可为AI模型公司提供拥有版权的数据集用于训练；第4个是完整的各类型商业生态链，公司拥有网络原创驻站作者440余万名。,2、据网络纪要，ChatGPT 降低写作门槛，提高小说质量和数量，从而提升网文平台价值，放大IP的核心重要性。公司非游戏业务近70%+来自于IP衍生变现，已全面布局有声书、漫画、视频、虚拟人等，多模态GPT出现直接大幅降低了IP转化成音视频的成本和打破产能瓶颈，加速公司“以IP为核心向下游打通文娱产业链”的战略布局。,3、“Web3.0”是当前互联网的底层协议“万维网”的一个衍生，包含DAO、DeFi、NFT等。未来公司可以通过DAO进行内容创作，所有读者都可编辑参与作品的塑造。公司在数字藏品平台已推出“第五境面”和“DAO藏”两大平台。,4、公司是以数字内容生产和运营为核心的公司，目前已申请如中文元宇宙、IP元宇宙、四月天元宇宙等商标。公司是中国数字出版的开创者之一，也是全球最大的中文数字出版机构之一。,5、上海中文在线主要提供面向基础教育的综合服务平台，以数字教材及其配套资源为核心，为基础教育提供数字教育内容的出版、发行、应用等。",03月24日中文在线股票异动解析,2023-03-24
48,sz300418,昆仑万维,人工智能,OpenAI合作+ChatGPT开源代码+游戏,微软发布GPT-4 Office产品Copilot，将适用于Microsoft 365中的Office全家桶，能帮客户提高写文档、创建图表、生成艺术画方面提高效率。,ahmulp1436,"1、23年3月24日，OpenAI宣布，ChatGPT初步实现对插件的支持。2月27日昆仑万维集团宣布与OpenAI合作，旗下Opera浏览器将引入更多AIGC功能，首要测试功能为使用AI生成任何网页、文章的简短摘要，成为继微软Bing、Edge之外又一家集成AIGC的浏览器。,2、公司旗下海外信息与服务分发平台Opera致力于构建游戏UGC社区，发布的游戏社区平台GXC将游戏玩家和开发者有机地结合在一起；Opera的游戏浏览器与游戏引擎在报告期内进一步加深结合，形成一站式的玩家和创作者社区，打造在Opera平台上创作、发行、消费游戏的闭环，加速了公司在元宇宙方向的布局。,3、Opera于今年初收购了全球知名游戏引擎GameMaker，未来会和Opera GX产生联动推出游戏社区产品",03月24日昆仑万维股票异动解析,2023-03-24
49,sz002230,科大讯飞,人工智能,AI学习机+数据中心+AI辅助诊断,微软发布GPT-4 Office产品Copilot，将适用于Microsoft 365中的Office全家桶，能帮客户提高写文档、创建图表、生成艺术画方面提高效率。,5klf3xyngw,"1、2023年3月20日机构调研表示讯飞AI学习机、讯飞听见等产品将成为该项技术率先落地的产品，并于2023年5月6日进行产品级发布。,2、22年12月份公司进一步启动预训练大模型“1+N”任务攻关，“1”是通用认知智能大模型算法研发及高效训练底座平台，“N”是应用于教育、医疗、人机交互、办公、翻译、工业等多个行业领域的专用大模型版本。,3、公司在总部自建有业界一流的数据中心，为大模型训练平台建设奠定了很好的硬件基石。公司主要的研发训练服务器已经开始进入国产化，推理服务器也已进行了国产化替代，并积累了非常独特的优势。,4、公司面向基层医生AI辅助诊断的智医助理覆盖区县数量不断增加，22年底已在全国380个区县基层医疗机构应用，累计提供5.3亿次辅诊建议，22年修正诊断的有价值病历超过63万例，质检不合理处方超4000万次。,5、公司是一家专业从事语音及语言、自然语言理解、机器学习推理及自主学习等人工智能核心技术研究，人工智能产品研发和行业应用落地的国家级骨干软件企业。",03月23日科大讯飞股票异动解析,2023-03-23
50,sz300474,景嘉微,算力,国产GPU+图像处理+军工,OpenAI、微软等相继发布最新AI技术产品，高算力是核心。3月21日晚英伟达开发者大会又是一针强心剂。,77l4anmqv2,"1、公司是国产GPU龙头，主营图显雷达业务，先后发布JM5\u002F7\u002F9系独立显卡产品。AIGC 依赖强底层算力市场，NVIDIA 亦通过 CUDA 平台，实现打通 GPU 算力能力。,2、公司有一款JM9271芯片的科学计算能力得到了大幅度提升，可以达到NVIDIA 2017年中高端产品的性能标准，主要针对人工智能、深度学习等对计算速度要求非常高的高端应用领域。,3、公司主要从事高可靠电子产品的研发、生产和销售，产品主要涉及图形显控领域、小型专用化雷达领域、芯片领域和其他。公司图形显控领域产品分为图形显控模块产品和加固类产品，公司成功研发了具有完全自主知识产权的系列GPU芯片，并以公司自主研发的GPU芯片为核心开发了系列图形显控模块产品,4、公司融合多项技术，研发了以主动防护雷达、测速雷达等系列雷达产品。",03月23日景嘉微股票异动解析,2023-03-23
51,sz002049,紫光国微,半导体产业链,算力+FPGA+芯片+人工智能,券商研报称，全球AI大模型浪潮澎湃，算力芯片有望迎来爆发式需求,29llw717hg,"1、AI对算力需求指数级增长，23年3月16日互动易回复，公司的FPGA产品可以用于人工智能领域，提供相应算力。智能安全芯片产品可以从硬件层面提供信息安全方面的支撑。,2、FPGA应用广阔，22年通信\u002F工业\u002F数据中心\u002F汽车\u002F消费电子\u002F人工智能在国内FPGA下游应用中分别占比41.52%\u002F31.23%\u002F10.54%\u002F6.94%\u002F5.89%\u002F3.88%。子公司紫光同创是国内FPGA龙头厂商。,3、23年3月22日互动易回复，目前高速射频模数转换器系列芯片及“新型高性能视频处理器系列芯片研发项目”按照计划正常推进中，进展顺利。,4、企查查APP显示，无锡紫光集电科技公司成立，经营范围包含：集成电路设计；集成电路芯片及产品制造；集成电路芯片及产品销售；集成电路芯片设计及服务；半导体分立器件制造等。该公司由紫光国微全资子公司深圳市国微电子公司、西藏紫光春华科技公司共同持股。,5、公司为国内主要的综合性集成电路上市公司之一，以智能安全芯片、特种集成电路为两大主业，同时布局半导体功率器件和石英晶体频率器件领域，为移动通信、金融、政务、汽车、工业、物联网等多个行业提供芯片、系统解决方案和终端产品，致力于赋能千行百业，共创智慧世界。",03月23日紫光国微股票异动解析,2023-03-23
52,sh603986,兆易创新,半导体产业链,MCU芯片+消费电子,券商研报称，全球AI大模型浪潮澎湃，算力芯片有望迎来爆发式需求,dtl0p9kl6y,1、公司是大陆存储+MCU双龙头,03月23日兆易创新股票异动解析,2023-03-23
53,sh601138,工业富联,算力,英伟达合作+AI服务器+云计算+工业互联网,OpenAI、微软等相继发布最新AI技术产品，高算力是核心。3月21日晚英伟达开发者大会又是一针强心剂。,3xjn2rfkx1,"1、网传纪要显示，公司体内服务器占比45%，其中X86+AI在板块内占比超40%。公司于22年5月份跟英伟达进行战略合作，独家设计生产交付其最新的GPU HPC平台。公司云计算板块两大客户之一客户微软capex回升向上，公司持续扩张服务器产能，未来AI服务器占比提升且芯片不受限制。,2、23年3月17日盘后，公司证实向客户供应的高效运算（HPC）系统，已应用于ChatGPT，以及接下来ChatGPT Plus和其他AI相关的应用中。HPC投入成本高，多应用于国家级超算中心与大型云服务商。,3、公司AI服务器及HPC出货增长迅速，在2022年云服务商产品中，占比增至约20%。公司自从2017年与NVIDIA、微软合作开发业界首款HGX-1服务器以来，目前产品已开发至第四代HGX-4。,4、公司是智能制造及工业互联网解决方案服务商，主要业务包含云计算、通信及移动网络设备、工业互联网。公司服务器主要为微软、亚马逊的ODM业务。",03月22日工业富联股票异动解析,2023-03-22
54,sz002351,漫步者,人工智能,AI智能音箱+无线鼠标+无线耳机+消费电子,微软发布GPT-4 Office产品Copilot，将适用于Microsoft 365中的Office全家桶，能帮客户提高写文档、创建图表、生成艺术画方面提高效率。,ffj1vtynf8,"1、智能家居可能成为人机交互应用爆发第一站，AI超预期发展，优质供给将创造海量需求爆发，AI智能音箱，搭载文心一言的小度或出爆款。,2、23年3月17日讯，公司旗下专业电竞外设厂牌HECATE推出首款鼠标——G4MPRO三模无线游戏鼠标，这是专为趴握\u002F抓握的中大手游戏玩家而设计，是一款旗舰性能、舒适握感的无线鼠标。,3、VR产品的音频技术实现一直是公司研发的主力方向之一，VR也是元宇宙的基础技术之一。,4、公司是国内领先、全球知名的第三方独立音频品牌，产品包括各种多媒体音箱、专业音响和汽车音响，已发布多款TWS真无线蓝牙耳机。公司新品Neo buds Pro及S3系列是公司中高端机型在京东、天猫等电商平台均有销售。,5、公司拥有“一主一辅”（“漫步者”和“声迈”）两大产品品牌，公司采取立体品牌战略覆盖高中低端不同价位段产品，布局专业音频领域（如教育耳机、辅听耳机）实现差异化竞争。",03月22日漫步者股票异动解析,2023-03-22
55,sh600522,中天科技,公告,终止分拆中天海缆上市+光伏+海缆,,8vf3blg543,"1、23年3月19日晚公告，决定终止中天科技海缆分拆上市事项，中天海缆在国内高电压等级、柔性直流等高端海缆占据龙头地位；终止拆分核心子公司，有利于公司可持续发展，维护全体股东利益。,2、23年3月12日公告新增国内14亿、海外7亿订单，海外订单辐射北美、南美、中东及东南亚；23年海缆行业多个大项目有望在上半年陆续落地。,3、23年1月31日公告，公司预计2022年度净利润30亿元到33亿元，与上年同期（追溯调整后）相比，增加28.18亿元到31.18亿元，同比增长1547%到1711%。,4、公司通信光伏储能多元布局，海缆市占率稳居第一，市占率维持在40%以上，海缆行业进入壁垒高，龙头地位稳固。",03月20日中天科技股票异动解析,2023-03-20
56,sz300002,神州泰岳,AI游戏传媒,ChatGPT+手游+工业互联网+5G消息,3月22日，微软GDC2023发布会，主要内容为OpenAI在游戏领域的结合和应用。,29few4ld5h,"1、子公司鼎福智能，主营就是语意智能，已经落地140多个场景和16个行业。公司司拥有自主研发的NLP开发平台、运行平台、智能客服系列产品，在政务大数据领域通过语义结构化能力、场景赋能、独立创新应用3种方式可以为政府提供诸如专题数据库、智能快报等应用。,2、公司手游业务营收占比82.56%，公司关注NPL等相关技术在游戏产品中的应用空间。,3、公司拥有北京润佳华创新投资管理有限中心59.91%股权。,4、公司自2011年开始布局工业互联网产品线，目前依托面向工业场景的专网通信以及智慧安防两个产品线，平台已初具规模，在核电、和工业领域已有较为成熟的解决方案。,5、公司参与了5GRCSs工作组，为5G消息的行业标准建言献策，努力推动5G消息的发展。公司的主营业务为物联网\u002F通信、手机游戏、ICT运营管理、人工智能\u002F大数据j四大核心业务板块。",03月20日神州泰岳股票异动解析,2023-03-20
57,sh601868,中国能建,一带一路,一带一路+能源电力+氢能源,习主席于3月20日至22日对俄罗斯进行国事访问。,8vf3bljqje,"1、22年8月由中国能建葛洲坝集团承建的尼日尔凯大吉水电站工程截流成功，该水电站是迄今为止尼日尔最大水电站，被誉为当地的“三峡工程”，是“一带一路”建设的重要工程项目之一。,2、公司是火电加速建设核心标的，在境内火电勘察设计市场占有率超70%。根据天风建材研讯，如果火电23年开工80gw，24年投运之前停建缓建80gw，按1gw35亿总投资，公司市占率70%、设计施工总包平均60%业绩贡献，未来3年火电收入总计贡献3528亿元，公司21年收入3220亿，弹性可观。火电工程毛利率9-10%，净利率假设3%，未来三年共计106亿利润增厚。,3、22年8月公司投资建设的天等县驮堪乡牛舍“牧光互补”屋顶光伏项目并网发电，项目总规划容量为40兆瓦，是广西首个“牧光互补”示范性项目，也是中国能建崇左一体化能源基地首个并网发电项目。,4、22年9月中国能建东北院中标华能松原H级燃机调峰勘察设计项目，该项目是“十四五”期间吉林省发展新能源的配套燃气调峰项目，也是北方地区首个H级大容量重型燃机项目。本期工程建设1台套800兆瓦级1+1+1燃气-蒸汽联合循环机组，燃料采用中俄东线天然气。,5、公司是中国乃至全球能源电力、基础设施等行业提供整体解决方案、全产业链服务的综合性特大型集团公司，经营工程建设、勘测设计及咨询、清洁能源及环保水务、工业制造、投资及其他业务等五大板块。目前公司在运控股装机容量2.87GW，其中新能源1.4GW，水电0.78GW，火电0.69GW。",03月20日中国能建股票异动解析,2023-03-20
58,sz002236,大华股份,人工智能,巨灵AI开放平台+移动合作+视频监控,微软发布GPT-4 Office产品Copilot,c5a04y0wgd,"1、文心一言5大应用场景包括图文识别，公司“巨灵”AI开放平台，有大量场景化的智能算法，减少算法工程师平均研发周期40%以上，满足各行各业需求，合作伙伴可低成本、零门槛、自由地进行场景化开发及定制服务。,2、企业端，移动在工业互联网等行业推广5G等服务，公司有望配合移动输入自身产品和解决方案；政府业务，移动的央企背景有望给公司提供背书，移动常中标各地视频监控项目。,3、公司是全球第二大视频监控产品和解决方案提供商，面向全球提供领先的视频存储、前端、中心控制等系列化产品，广泛应用于公安、金融、交通、能源、通信等关键领域。",03月17日大华股份股票异动解析,2023-03-17
59,sz002517,恺英网络,人工智能,AIGC+网络游戏+VR生态圈+元宇宙,微软发布GPT-4 Office产品Copilot,5kabpg0j2u,"1、公司及部分战略投资企业已在应用相关AI工具并尝试逐步建立内部AI数据库，AIGC技术在美术尤其是2D美术的批量图片生成、基础代码的复核、AI语音的应用等领域的降本增效已经体现出明显的潜力，未来公司将会研究加大应用相关AIGC工具的力度。,2、公司初步完成了从\VR输入设备--VR内容制作\u002F内容平台--VR输出设备\的VR生态圈构建。公司持有上海乐相9.16%的股权，上海乐相是国内领先的VR硬件厂商，VR硬件被认为是未来“元宇宙”的重要组成部分。,3、公司是国内知名的互联网游戏上市公司，旗下上海恺英、浙江盛和先后开发、运营了《摩天大楼》、《蜀山传奇》、《全民奇迹MUJ》等多款热门游戏；旗下XYS.COM游戏平台是国内知名的精品网页游戏运营平台。",03月17日恺英网络股票异动解析,2023-03-17
60,sz300459,汤姆猫,微软,ChatGPT+NFT+元宇宙+VR游戏,3.16日晚间，微软正式发布365 Copilot,29ahfr16rs,"1、公司已将汤姆猫IP植入连接了ChatGPT的API，进行语音智能互动功能测试，初步验证了相关技术实现的可行性，已正式着手应用产品的开发，22H1海外收入占比近八成，会聊天的汤姆猫测试中，截至2022年中，公司系列休闲应用全球平均月活超4亿人次，累计下载量已超180亿人次。,2、公司旗下“会说话的汤姆猫家族”IP携手国内首家数字艺术电商平台唯一艺术，正式推出首批以“会说话的汤姆猫家族”飞车为主题的限量版NFT卡牌。旗下“会说话的汤姆猫家族”IP覆盖已超十亿人口。,3、公司现有产品拥有庞大的用户基数，具备元宇宙产品开发的用户基础。公司也积极探索元宇宙产品开发的技术储备。在《我的汤姆猫》产品中，公司曾使用AR扩现技术，使汤姆猫的虚拟形象可以在实景中得以呈现。,4、公司参股的北京天际微动是一家具有自主研发能力的VR游戏内容研发商。该公司已推出包括《末日求生》《昆仑决》《猎魔》《绝命战场VR》等多款VR游戏。,5、公司于22年7月先后上线两款手游新品，分别为休闲射击手游《汤姆猫荒野派对》和模拟养成类手游《我的安吉拉2》。",03月17日汤姆猫股票异动解析,2023-03-17
